Washington Berry Juice,Pure Juice Beverages,Juice,Drink
Washington Mango Drink,Drinks,Flavored Drinks,Drink
Washington Strawberry Drink,Drinks,Flavored Drinks,Drink
Washington Cream Soda,Carbonated Beverages,Soda,Drink
Washington Diet Soda,Carbonated Beverages,Soda,Drink
Washington Cola,Carbonated Beverages,Soda,Drink
Washington Diet Cola,Carbonated Beverages,Soda,Drink
Washington Orange Juice,Pure Juice Beverages,Juice,Drink
Washington Cranberry Juice,Pure Juice Beverages,Juice,Drink
Washington Apple Juice,Pure Juice Beverages,Juice,Drink
Washington Apple Drink,Drinks,Flavored Drinks,Drink
Jeffers Oatmeal,Breakfast Foods,Cereal,Food
Jeffers Corn Puffs,Breakfast Foods,Cereal,Food
Jeffers Wheat Puffs,Breakfast Foods,Cereal,Food
Jeffers Grits,Breakfast Foods,Cereal,Food
Blue Label Canned Beets,Vegetables,Canned Vegetables,Food
Blue Label Creamed Corn,Vegetables,Canned Vegetables,Food
Blue Label Canned String Beans,Vegetables,Canned Vegetables,Food
Blue Label Chicken Soup,Canned Soup,Soup,Food
Blue Label Canned Yams,Vegetables,Canned Vegetables,Food
Blue Label Vegetable Soup,Canned Soup,Soup,Food
Blue Label Canned Tomatos,Vegetables,Canned Vegetables,Food
Blue Label Noodle Soup,Canned Soup,Soup,Food
Blue Label Regular Ramen Soup,Canned Soup,Soup,Food
Blue Label Chicken Noodle Soup,Canned Soup,Soup,Food
Blue Label Turkey Noodle Soup,Canned Soup,Soup,Food
Blue Label Beef Soup,Canned Soup,Soup,Food
Blue Label Canned Peas,Vegetables,Canned Vegetables,Food
Blue Label Chicken Ramen Soup,Canned Soup,Soup,Food
Blue Label Canned Tuna in Water,Canned Tuna,Tuna,Food
Blue Label Canned Tuna in Oil,Canned Tuna,Tuna,Food
Blue Label Large Canned Shrimp,Canned Shrimp,Shrimp,Food
Blue Label Fancy Canned Anchovies,Canned Anchovies,Anchovies,Food
Blue Label Fancy Canned Clams,Canned Clams,Clams,Food
Blue Label Fancy Canned Oysters,Canned Oysters,Oysters,Food
Blue Label Fancy Canned Sardines,Canned Sardines,Sardines,Food
Blue Label Rice Soup,Canned Soup,Soup,Food
Green Ribbon Canned Mixed Fruit,Fruit,Canned Fruit,Food
Green Ribbon Canned Peaches,Fruit,Canned Fruit,Food
King Rosy Sunglasses,Specialty,Sunglasses,Non-Consumable
Queen Eyeglass Screwdriver,Hardware,Screwdrivers,Non-Consumable
Queen City Map,Miscellaneous,Maps,Non-Consumable
Club Low Fat Cottage Cheese,Dairy,Cottage Cheese,Food
Club Low Fat Sour Cream,Dairy,Sour Cream,Food
Club Sour Cream,Dairy,Sour Cream,Food
Club Jack Cheese,Dairy,Cheese,Food
Club Muenster Cheese,Dairy,Cheese,Food
Club String Cheese,Dairy,Cheese,Food
Club Low Fat String Cheese,Dairy,Cheese,Food
Club Havarti Cheese,Dairy,Cheese,Food
Club Head Cheese,Dairy,Cheese,Food
Club Cheese Spread,Dairy,Cheese,Food
Club Sharp Cheddar Cheese,Dairy,Cheese,Food
Club Mild Cheddar Cheese,Dairy,Cheese,Food
Club Large Curd Cottage Cheese,Dairy,Cottage Cheese,Food
Club 2% Milk,Dairy,Milk,Drink
Club Buttermilk,Dairy,Milk,Drink
Club Chocolate Milk,Dairy,Milk,Drink
Club 1% Milk,Dairy,Milk,Drink
Club Whole Milk,Dairy,Milk,Drink
Club Strawberry Yogurt,Dairy,Yogurt,Food
Club Blueberry Yogurt,Dairy,Yogurt,Food
Red Spade Chicken Hot Dogs,Meat,Hot Dogs,Food
Red Spade Pimento Loaf,Meat,Bologna,Food
Red Spade Beef Bologna,Meat,Bologna,Food
Red Spade Low Fat Bologna,Meat,Bologna,Food
Red Spade Turkey Hot Dogs,Meat,Hot Dogs,Food
Red Spade Foot-Long Hot Dogs,Meat,Hot Dogs,Food
Red Spade Low Fat Cole Slaw,Side Dishes,Deli Salads,Food
Red Spade Cole Slaw,Side Dishes,Deli Salads,Food
Red Spade Roasted Chicken,Meat,Fresh Chicken,Food
Red Spade Corned Beef,Meat,Deli Meats,Food
Red Spade Sliced Turkey,Meat,Deli Meats,Food
Red Spade Sliced Ham,Meat,Deli Meats,Food
Red Spade Potato Salad,Side Dishes,Deli Salads,Food
Red Spade Sliced Chicken,Meat,Deli Meats,Food
Blue Medal Small Brown Eggs,Eggs,Eggs,Food
Blue Medal Large Brown Eggs,Eggs,Eggs,Food
Blue Medal Small Eggs,Eggs,Eggs,Food
Blue Medal Large Eggs,Eggs,Eggs,Food
Blue Medal Egg Substitute,Eggs,Eggs,Food
Golden Low Fat Waffles,Breakfast Foods,Waffles,Food
Golden Orange Popsicles,Frozen Desserts,Popsicles,Food
Golden Frozen Chicken Breast,Meat,Frozen Chicken,Food
Golden Frozen Pancakes,Breakfast Foods,Pancakes,Food
Golden Low Fat French Fries,Vegetables,French Fries,Food
Golden Frozen Sausage Pizza,Pizza,Pizza,Food
Golden Blueberry Waffles,Breakfast Foods,Waffles,Food
Golden Fajita French Fries,Vegetables,French Fries,Food
Golden Waffles,Breakfast Foods,Waffles,Food
Golden Frozen Pepperoni Pizza,Pizza,Pizza,Food
Golden Frozen Cheese Pizza,Pizza,Pizza,Food
Golden Frozen Mushroom Pizza,Pizza,Pizza,Food
Golden Apple Cinnamon Waffles,Breakfast Foods,Waffles,Food
Golden Frozen Carrots,Vegetables,Frozen Vegetables,Food
Golden Turkey TV Dinner,Frozen Entrees,TV Dinner,Food
Golden Chicken TV Dinner,Frozen Entrees,TV Dinner,Food
Golden Beef TV Dinner,Frozen Entrees,TV Dinner,Food
Golden Pancake Mix,Breakfast Foods,Pancake Mix,Food
Golden Grape Popsicles,Frozen Desserts,Popsicles,Food
Golden Home Style French Fries,Vegetables,French Fries,Food
Golden Lime Popsicles,Frozen Desserts,Popsicles,Food
Golden Ice Cream,Frozen Desserts,Ice Cream,Food
Golden Ice Cream Sandwich,Frozen Desserts,Ice Cream,Food
Golden Frozen Cauliflower,Vegetables,Frozen Vegetables,Food
Golden Frozen Broccoli,Vegetables,Frozen Vegetables,Food
Golden Frozen Corn,Vegetables,Frozen Vegetables,Food
Golden Frozen Peas,Vegetables,Frozen Vegetables,Food
Golden Popsicles,Frozen Desserts,Ice Cream,Food
Golden Frozen Chicken Thighs,Meat,Frozen Chicken,Food
Golden Frozen Chicken Wings,Meat,Frozen Chicken,Food
Golden Lemon Popsicles,Frozen Desserts,Popsicles,Food
Faux Products Silky Smooth Hair Conditioner,Bathroom Products,Conditioner,Non-Consumable
Faux Products Tartar Control Toothpaste,Hygiene,Personal Hygiene,Non-Consumable
Faux Products Whitening Toothpast,Hygiene,Personal Hygiene,Non-Consumable
Faux Products Toothpaste,Hygiene,Personal Hygiene,Non-Consumable
Faux Products Deodorant,Hygiene,Personal Hygiene,Non-Consumable
Faux Products Conditioning Shampoo,Bathroom Products,Shampoo,Non-Consumable
Faux Products Extra Moisture Shampoo,Bathroom Products,Shampoo,Non-Consumable
Faux Products Angled Toothbrush,Bathroom Products,Toothbrushes,Non-Consumable
Faux Products Apricot Shampoo,Bathroom Products,Shampoo,Non-Consumable
Faux Products Childrens Aspirin,Pain Relievers,Aspirin,Non-Consumable
Faux Products Buffered Aspirin,Pain Relievers,Aspirin,Non-Consumable
Faux Products 200 MG Ibuprofen,Pain Relievers,Ibuprofen,Non-Consumable
Faux Products 200 MG Acetominifen,Pain Relievers,Acetominifen,Non-Consumable
Faux Products HCL Nasal Spray,Decongestants,Nasal Sprays,Non-Consumable
Faux Products Dishwasher Detergent,Decongestants,Nasal Sprays,Non-Consumable
Faux Products Multi-Symptom Cold Remedy,Cold Remedies,Cold Remedies,Non-Consumable
Faux Products Childrens Cold Remedy,Cold Remedies,Cold Remedies,Non-Consumable
Faux Products Laundry Detergent,Bathroom Products,Mouthwash,Non-Consumable
Faux Products Mint Mouthwash,Bathroom Products,Mouthwash,Non-Consumable
Denny 60 Watt Lightbulb,Electrical,Lightbulbs,Non-Consumable
Denny Plastic Forks,Plastic Products,Plastic Utensils,Non-Consumable
Denny Plastic Spoons,Plastic Products,Plastic Utensils,Non-Consumable
Denny Plastic Knives,Plastic Products,Plastic Utensils,Non-Consumable
Denny C-Size Batteries,Electrical,Batteries,Non-Consumable
Denny 100 Watt Lightbulb,Electrical,Lightbulbs,Non-Consumable
Denny AAA-Size Batteries,Electrical,Batteries,Non-Consumable
Denny Paper Plates,Paper Products,Paper Dishes,Non-Consumable
Denny Paper Cups,Paper Products,Paper Dishes,Non-Consumable
Denny 75 Watt Lightbulb,Electrical,Lightbulbs,Non-Consumable
Denny Toilet Bowl Cleaner,Cleaning Supplies,Cleaners,Non-Consumable
Denny Counter Cleaner,Cleaning Supplies,Cleaners,Non-Consumable
Denny Glass Cleaner,Cleaning Supplies,Cleaners,Non-Consumable
Denny 25 Watt Lightbulb,Electrical,Lightbulbs,Non-Consumable
Denny AA-Size Batteries,Electrical,Batteries,Non-Consumable
Denny D-Size Batteries,Electrical,Batteries,Non-Consumable
Denny Paper Towels,Paper Products,Paper Wipes,Non-Consumable
Denny Soft Napkins,Paper Products,Paper Wipes,Non-Consumable
Denny Scented Tissue,Paper Products,Paper Wipes,Non-Consumable
Denny Toilet Paper,Paper Products,Paper Wipes,Non-Consumable
Denny Tissues,Paper Products,Paper Wipes,Non-Consumable
Denny Scented Toilet Tissue,Paper Products,Paper Wipes,Non-Consumable
Denny Room Freshener,Cleaning Supplies,Deodorizers,Non-Consumable
Denny Frying Pan,Kitchen Products,Pots and Pans,Non-Consumable
Denny Copper Cleaner,Kitchen Products,Pot Cleaners,Non-Consumable
Denny Bees Wax Candles,Candles,Candles,Non-Consumable
Denny Silver Cleaner,Kitchen Products,Pot Cleaners,Non-Consumable
Denny Copper Pot Scrubber,Kitchen Products,Pot Scrubbers,Non-Consumable
Denny Economy Toilet Brush,Bathroom Products,Toilet Brushes,Non-Consumable
Denny Scissors,Hardware,Tools,Non-Consumable
Denny Large Sponge,Kitchen Products,Sponges,Non-Consumable
Denny Screw Driver,Hardware,Tools,Non-Consumable
Ship Shape Extra Lean Hamburger,Meat,Hamburger,Food
Ship Shape Seasoned Hamburger,Meat,Hamburger,Food
Robust Monthly Sports Magazine,Magazines,Sports Magazines,Non-Consumable
Robust Monthly Auto Magazine,Magazines,Auto Magazines,Non-Consumable
Robust Monthly Computer Magazine,Magazines,Computer Magazines,Non-Consumable
Robust Monthly Home Magazine,Magazines,Home Magazines,Non-Consumable
Robust Monthly Fashion Magazine,Magazines,Fashion Magazines,Non-Consumable
High Top Summer Squash,Vegetables,Fresh Vegetables,Food
High Top Corn on the Cob,Vegetables,Fresh Vegetables,Food
High Top Asparagus,Vegetables,Fresh Vegetables,Food
High Top Sweet Peas,Vegetables,Fresh Vegetables,Food
High Top New Potatos,Vegetables,Fresh Vegetables,Food
High Top Beets,Vegetables,Fresh Vegetables,Food
High Top Prepared Salad,Vegetables,Fresh Vegetables,Food
High Top Onions,Vegetables,Fresh Vegetables,Food
High Top Green Pepper,Vegetables,Fresh Vegetables,Food
High Top Shitake Mushrooms,Vegetables,Fresh Vegetables,Food
High Top Lettuce,Vegetables,Fresh Vegetables,Food
High Top Elephant Garlic,Vegetables,Fresh Vegetables,Food
High Top Red Pepper,Vegetables,Fresh Vegetables,Food
High Top Garlic,Vegetables,Fresh Vegetables,Food
High Top Potatos,Vegetables,Fresh Vegetables,Food
High Top Cauliflower,Vegetables,Fresh Vegetables,Food
High Top Tomatos,Vegetables,Fresh Vegetables,Food
High Top Mushrooms,Vegetables,Fresh Vegetables,Food
High Top Baby Onion,Vegetables,Fresh Vegetables,Food
High Top Dried Mushrooms,Vegetables,Fresh Vegetables,Food
High Top Fresh Lima Beans,Vegetables,Fresh Vegetables,Food
High Top Squash,Vegetables,Fresh Vegetables,Food
High Top Limes,Fruit,Fresh Fruit,Food
High Top Firm Tofu,Packaged Vegetables,Tofu,Food
High Top Almonds,Specialty,Nuts,Food
High Top Macintosh Apples,Fruit,Fresh Fruit,Food
High Top Golden Delcious Apples,Fruit,Fresh Fruit,Food
High Top Red Delcious Apples,Fruit,Fresh Fruit,Food
High Top Lemons,Fruit,Fresh Fruit,Food
High Top Fancy Plums,Fruit,Fresh Fruit,Food
High Top Plums,Fruit,Fresh Fruit,Food
High Top Peaches,Fruit,Fresh Fruit,Food
High Top Broccoli,Vegetables,Fresh Vegetables,Food
High Top Mandarin Oranges,Fruit,Fresh Fruit,Food
High Top Mixed Nuts,Specialty,Nuts,Food
High Top Canned Peanuts,Specialty,Nuts,Food
High Top Sweet Onion,Vegetables,Fresh Vegetables,Food
High Top Cantelope,Fruit,Fresh Fruit,Food
High Top Honey Dew,Fruit,Fresh Fruit,Food
High Top Fuji Apples,Fruit,Fresh Fruit,Food
High Top Walnuts,Specialty,Nuts,Food
High Top Oranges,Fruit,Fresh Fruit,Food
High Top Tangerines,Fruit,Fresh Fruit,Food
High Top Party Nuts,Specialty,Nuts,Food
Tip Top Lox,Seafood,Fresh Fish,Food
Tip Top Scallops,Seafood,Shellfish,Food
Best Choice Low Fat Cookies,Snack Foods,Cookies,Food
Best Choice BBQ Potato Chips,Snack Foods,Chips,Food
Best Choice Corn Chips,Snack Foods,Chips,Food
Best Choice Low Fat BBQ Chips,Snack Foods,Chips,Food
Best Choice Sugar Cookies,Snack Foods,Cookies,Food
Best Choice Chocolate Chip Cookies,Snack Foods,Cookies,Food
Best Choice Fudge Cookies,Snack Foods,Cookies,Food
Best Choice Fudge Brownies,Snack Foods,Cookies,Food
Best Choice Potato Chips,Snack Foods,Chips,Food
Best Choice Lemon Cookies,Snack Foods,Cookies,Food
Best Choice Graham Crackers,Snack Foods,Cookies,Food
Best Choice Cheese Crackers,Snack Foods,Crackers,Food
Best Choice Buttered Popcorn,Snack Foods,Popcorn,Food
Best Choice No Salt Popcorn,Snack Foods,Popcorn,Food
Best Choice Low Fat Popcorn,Snack Foods,Popcorn,Food
Best Choice Salsa Dip,Snack Foods,Dips,Food
Best Choice Avocado Dip,Snack Foods,Dips,Food
Best Choice Salted Pretzels,Snack Foods,Pretzels,Food
Best Choice Cheese Dip,Snack Foods,Dips,Food
Best Choice Fondue Mix,Snack Foods,Dips,Food
Best Choice Mini Donuts,Snack Foods,Donuts,Food
Best Choice Beef Jerky,Snack Foods,Dried Meat,Food
Best Choice Chocolate Donuts,Snack Foods,Donuts,Food
Best Choice Low Fat Chips,Snack Foods,Chips,Food
Best Choice Sesame Crackers,Snack Foods,Crackers,Food
Best Choice Frosted Cookies,Snack Foods,Cookies,Food
Best Choice Dried Apples,Snack Foods,Dried Fruit,Food
Best Choice Apple Fruit Roll,Snack Foods,Dried Fruit,Food
Best Choice Strawberry Fruit Roll,Snack Foods,Dried Fruit,Food
Best Choice Raspberry Fruit Roll,Snack Foods,Dried Fruit,Food
Best Choice Grape Fruit Roll,Snack Foods,Dried Fruit,Food
Best Choice Dried Dates,Snack Foods,Dried Fruit,Food
Best Choice Raisins,Snack Foods,Dried Fruit,Food
Best Choice Golden Raisins,Snack Foods,Dried Fruit,Food
Best Choice Dried Apricots,Snack Foods,Dried Fruit,Food
Best Choice Frosted Donuts,Snack Foods,Donuts,Food
Choice Tasty Candy Bar,Candy,Chocolate Candy,Food
Choice Mint Chocolate Bar,Candy,Chocolate Candy,Food
Choice Malted Milk Balls,Candy,Chocolate Candy,Food
Choice Semi-Sweet Chocolate Bar,Candy,Chocolate Candy,Food
Choice Bubble Gum,Candy,Gum,Food
Choice Spicy Mints,Candy,Hard Candy,Food
Choice Mints,Candy,Hard Candy,Food
Choice White Chocolate Bar,Candy,Chocolate Candy,Food
Medalist Ravioli,Starchy Foods,Pasta,Food
Medalist Manicotti,Starchy Foods,Pasta,Food
Medalist Spaghetti,Starchy Foods,Pasta,Food
Medalist Thai Rice,Starchy Foods,Rice,Food
Medalist Rice Medly,Starchy Foods,Rice,Food
Good Imported Beer,Beer and Wine,Beer,Drink
Good Light Wine,Beer and Wine,Wine,Drink
Good Chardonnay Wine,Beer and Wine,Wine,Drink
Good Chablis Wine,Beer and Wine,Wine,Drink
Good Merlot Wine,Beer and Wine,Wine,Drink
Good Chardonnay,Beer and Wine,Wine,Drink
Good White Zinfandel Wine,Beer and Wine,Wine,Drink
Good Light Beer,Beer and Wine,Beer,Drink
Great Pumpernickel Bread,Bread,Sliced Bread,Food
Great White Bread,Bread,Sliced Bread,Food
Great Rye Bread,Bread,Sliced Bread,Food
Great English Muffins,Bread,Muffins,Food
Great Cranberry Muffins,Bread,Muffins,Food
Great Muffins,Bread,Muffins,Food
Great Bagels,Bread,Bagels,Food
Great Blueberry Muffins,Bread,Muffins,Food
Great Wheat Bread,Bread,Sliced Bread,Food
Super Sesame Oil,Baking Goods,Cooking Oil,Food
Super Chunky Peanut Butter,Jams and Jellies,Peanut Butter,Food
Super Hot Chocolate,Hot Beverages,Chocolate,Drink
Super Brown Sugar,Baking Goods,Sugar,Food
Super White Sugar,Baking Goods,Sugar,Food
Super French Roast Coffee,Hot Beverages,Coffee,Drink
Super Decaf Coffee,Hot Beverages,Coffee,Drink
Super Regular Coffee,Hot Beverages,Coffee,Drink
Super Vegetable Oil,Baking Goods,Cooking Oil,Food
Super Corn Oil,Baking Goods,Cooking Oil,Food
Super Tomato Sauce,Baking Goods,Sauces,Food
Super Canola Oil,Baking Goods,Cooking Oil,Food
Super Grape Preserves,Jams and Jellies,Preserves,Food
Super Columbian Coffee,Hot Beverages,Coffee,Drink
Super Strawberry Jelly,Jams and Jellies,Jelly,Food
Super Pepper,Baking Goods,Spices,Food
Super Low Fat Apple Butter,Jams and Jellies,Preserves,Food
Super Salt,Baking Goods,Spices,Food
Super Apple Butter,Jams and Jellies,Preserves,Food
Super Oregano,Baking Goods,Spices,Food
Super Apple Jelly,Jams and Jellies,Jelly,Food
Super Grape Jam,Jams and Jellies,Jam,Food
Super Apple Jam,Jams and Jellies,Jam,Food
Super Strawberry Jam,Jams and Jellies,Jam,Food
Super Creamy Peanut Butter,Jams and Jellies,Peanut Butter,Food
Super Strawberry Preserves,Jams and Jellies,Preserves,Food
Super Extra Chunky Peanut Butter,Jams and Jellies,Peanut Butter,Food
Super Apple Preserves,Jams and Jellies,Preserves,Food
Super Grape Jelly,Jams and Jellies,Jelly,Food
Excellent Berry Juice,Pure Juice Beverages,Juice,Drink
Excellent Mango Drink,Drinks,Flavored Drinks,Drink
Excellent Strawberry Drink,Drinks,Flavored Drinks,Drink
Excellent Cream Soda,Carbonated Beverages,Soda,Drink
Excellent Diet Soda,Carbonated Beverages,Soda,Drink
Excellent Cola,Carbonated Beverages,Soda,Drink
Excellent Diet Cola,Carbonated Beverages,Soda,Drink
Excellent Orange Juice,Pure Juice Beverages,Juice,Drink
Excellent Cranberry Juice,Pure Juice Beverages,Juice,Drink
Excellent Apple Juice,Pure Juice Beverages,Juice,Drink
Excellent Apple Drink,Drinks,Flavored Drinks,Drink
Best Oatmeal,Breakfast Foods,Cereal,Food
Best Corn Puffs,Breakfast Foods,Cereal,Food
Best Wheat Puffs,Breakfast Foods,Cereal,Food
Best Grits,Breakfast Foods,Cereal,Food
Better Canned Beets,Vegetables,Canned Vegetables,Food
Better Creamed Corn,Vegetables,Canned Vegetables,Food
Better Canned String Beans,Vegetables,Canned Vegetables,Food
Better Chicken Soup,Canned Soup,Soup,Food
Better Canned Yams,Vegetables,Canned Vegetables,Food
Better Vegetable Soup,Canned Soup,Soup,Food
Better Canned Tomatos,Vegetables,Canned Vegetables,Food
Better Noodle Soup,Canned Soup,Soup,Food
Better Regular Ramen Soup,Canned Soup,Soup,Food
Better Chicken Noodle Soup,Canned Soup,Soup,Food
Better Turkey Noodle Soup,Canned Soup,Soup,Food
Better Beef Soup,Canned Soup,Soup,Food
Better Canned Peas,Vegetables,Canned Vegetables,Food
Better Chicken Ramen Soup,Canned Soup,Soup,Food
Better Canned Tuna in Water,Canned Tuna,Tuna,Food
Better Canned Tuna in Oil,Canned Tuna,Tuna,Food
Better Large Canned Shrimp,Canned Shrimp,Shrimp,Food
Better Fancy Canned Anchovies,Canned Anchovies,Anchovies,Food
Better Fancy Canned Clams,Canned Clams,Clams,Food
Better Fancy Canned Oysters,Canned Oysters,Oysters,Food
Better Fancy Canned Sardines,Canned Sardines,Sardines,Food
Better Rice Soup,Canned Soup,Soup,Food
Swell Canned Mixed Fruit,Fruit,Canned Fruit,Food
Swell Canned Peaches,Fruit,Canned Fruit,Food
ADJ Rosy Sunglasses,Specialty,Sunglasses,Non-Consumable
Black Tie Eyeglass Screwdriver,Hardware,Screwdrivers,Non-Consumable
Black Tie City Map,Miscellaneous,Maps,Non-Consumable
Carlson Low Fat Cottage Cheese,Dairy,Cottage Cheese,Food
Carlson Low Fat Sour Cream,Dairy,Sour Cream,Food
Carlson Sour Cream,Dairy,Sour Cream,Food
Carlson Jack Cheese,Dairy,Cheese,Food
Carlson Muenster Cheese,Dairy,Cheese,Food
Carlson String Cheese,Dairy,Cheese,Food
Carlson Low Fat String Cheese,Dairy,Cheese,Food
Carlson Havarti Cheese,Dairy,Cheese,Food
Carlson Head Cheese,Dairy,Cheese,Food
Carlson Cheese Spread,Dairy,Cheese,Food
Carlson Sharp Cheddar Cheese,Dairy,Cheese,Food
Carlson Mild Cheddar Cheese,Dairy,Cheese,Food
Carlson Large Curd Cottage Cheese,Dairy,Cottage Cheese,Food
Carlson 2% Milk,Dairy,Milk,Drink
Carlson Buttermilk,Dairy,Milk,Drink
Carlson Chocolate Milk,Dairy,Milk,Drink
Carlson 1% Milk,Dairy,Milk,Drink
Carlson Whole Milk,Dairy,Milk,Drink
Carlson Strawberry Yogurt,Dairy,Yogurt,Food
Carlson Blueberry Yogurt,Dairy,Yogurt,Food
Moms Chicken Hot Dogs,Meat,Hot Dogs,Food
Moms Pimento Loaf,Meat,Bologna,Food
Moms Beef Bologna,Meat,Bologna,Food
Moms Low Fat Bologna,Meat,Bologna,Food
Moms Turkey Hot Dogs,Meat,Hot Dogs,Food
Moms Foot-Long Hot Dogs,Meat,Hot Dogs,Food
Moms Low Fat Cole Slaw,Side Dishes,Deli Salads,Food
Moms Cole Slaw,Side Dishes,Deli Salads,Food
Moms Roasted Chicken,Meat,Fresh Chicken,Food
Moms Corned Beef,Meat,Deli Meats,Food
Moms Sliced Turkey,Meat,Deli Meats,Food
Moms Sliced Ham,Meat,Deli Meats,Food
Moms Potato Salad,Side Dishes,Deli Salads,Food
Moms Sliced Chicken,Meat,Deli Meats,Food
Urban Small Brown Eggs,Eggs,Eggs,Food
Urban Large Brown Eggs,Eggs,Eggs,Food
Urban Small Eggs,Eggs,Eggs,Food
Urban Large Eggs,Eggs,Eggs,Food
Urban Egg Substitute,Eggs,Eggs,Food
Big Time Low Fat Waffles,Breakfast Foods,Waffles,Food
Big Time Orange Popsicles,Frozen Desserts,Popsicles,Food
Big Time Frozen Chicken Breast,Meat,Frozen Chicken,Food
Big Time Frozen Pancakes,Breakfast Foods,Pancakes,Food
Big Time Low Fat French Fries,Vegetables,French Fries,Food
Big Time Frozen Sausage Pizza,Pizza,Pizza,Food
Big Time Blueberry Waffles,Breakfast Foods,Waffles,Food
Big Time Fajita French Fries,Vegetables,French Fries,Food
Big Time Waffles,Breakfast Foods,Waffles,Food
Big Time Frozen Pepperoni Pizza,Pizza,Pizza,Food
Big Time Frozen Cheese Pizza,Pizza,Pizza,Food
Big Time Frozen Mushroom Pizza,Pizza,Pizza,Food
Big Time Apple Cinnamon Waffles,Breakfast Foods,Waffles,Food
Big Time Frozen Carrots,Vegetables,Frozen Vegetables,Food
Big Time Turkey TV Dinner,Frozen Entrees,TV Dinner,Food
Big Time Chicken TV Dinner,Frozen Entrees,TV Dinner,Food
Big Time Beef TV Dinner,Frozen Entrees,TV Dinner,Food
Big Time Pancake Mix,Breakfast Foods,Pancake Mix,Food
Big Time Grape Popsicles,Frozen Desserts,Popsicles,Food
Big Time Home Style French Fries,Vegetables,French Fries,Food
Big Time Lime Popsicles,Frozen Desserts,Popsicles,Food
Big Time Ice Cream,Frozen Desserts,Ice Cream,Food
Big Time Ice Cream Sandwich,Frozen Desserts,Ice Cream,Food
Big Time Frozen Cauliflower,Vegetables,Frozen Vegetables,Food
Big Time Frozen Broccoli,Vegetables,Frozen Vegetables,Food
Big Time Frozen Corn,Vegetables,Frozen Vegetables,Food
Big Time Frozen Peas,Vegetables,Frozen Vegetables,Food
Big Time Popsicles,Frozen Desserts,Ice Cream,Food
Big Time Frozen Chicken Thighs,Meat,Frozen Chicken,Food
Big Time Frozen Chicken Wings,Meat,Frozen Chicken,Food
Big Time Lemon Popsicles,Frozen Desserts,Popsicles,Food
Steady Silky Smooth Hair Conditioner,Bathroom Products,Conditioner,Non-Consumable
Steady Tartar Control Toothpaste,Hygiene,Personal Hygiene,Non-Consumable
Steady Whitening Toothpast,Hygiene,Personal Hygiene,Non-Consumable
Steady Toothpaste,Hygiene,Personal Hygiene,Non-Consumable
Steady Deodorant,Hygiene,Personal Hygiene,Non-Consumable
Steady Conditioning Shampoo,Bathroom Products,Shampoo,Non-Consumable
Steady Extra Moisture Shampoo,Bathroom Products,Shampoo,Non-Consumable
Steady Angled Toothbrush,Bathroom Products,Toothbrushes,Non-Consumable
Steady Apricot Shampoo,Bathroom Products,Shampoo,Non-Consumable
Steady Childrens Aspirin,Pain Relievers,Aspirin,Non-Consumable
Steady Buffered Aspirin,Pain Relievers,Aspirin,Non-Consumable
Steady 200 MG Ibuprofen,Pain Relievers,Ibuprofen,Non-Consumable
Steady 200 MG Acetominifen,Pain Relievers,Acetominifen,Non-Consumable
Steady HCL Nasal Spray,Decongestants,Nasal Sprays,Non-Consumable
Steady Dishwasher Detergent,Decongestants,Nasal Sprays,Non-Consumable
Steady Multi-Symptom Cold Remedy,Cold Remedies,Cold Remedies,Non-Consumable
Steady Childrens Cold Remedy,Cold Remedies,Cold Remedies,Non-Consumable
Steady Laundry Detergent,Bathroom Products,Mouthwash,Non-Consumable
Steady Mint Mouthwash,Bathroom Products,Mouthwash,Non-Consumable
Red Wing 60 Watt Lightbulb,Electrical,Lightbulbs,Non-Consumable
Red Wing Plastic Forks,Plastic Products,Plastic Utensils,Non-Consumable
Red Wing Plastic Spoons,Plastic Products,Plastic Utensils,Non-Consumable
Red Wing Plastic Knives,Plastic Products,Plastic Utensils,Non-Consumable
Red Wing C-Size Batteries,Electrical,Batteries,Non-Consumable
Red Wing 100 Watt Lightbulb,Electrical,Lightbulbs,Non-Consumable
Red Wing AAA-Size Batteries,Electrical,Batteries,Non-Consumable
Red Wing Paper Plates,Paper Products,Paper Dishes,Non-Consumable
Red Wing Paper Cups,Paper Products,Paper Dishes,Non-Consumable
Red Wing 75 Watt Lightbulb,Electrical,Lightbulbs,Non-Consumable
Red Wing Toilet Bowl Cleaner,Cleaning Supplies,Cleaners,Non-Consumable
Red Wing Counter Cleaner,Cleaning Supplies,Cleaners,Non-Consumable
Red Wing Glass Cleaner,Cleaning Supplies,Cleaners,Non-Consumable
Red Wing 25 Watt Lightbulb,Electrical,Lightbulbs,Non-Consumable
Red Wing AA-Size Batteries,Electrical,Batteries,Non-Consumable
Red Wing D-Size Batteries,Electrical,Batteries,Non-Consumable
Red Wing Paper Towels,Paper Products,Paper Wipes,Non-Consumable
Red Wing Soft Napkins,Paper Products,Paper Wipes,Non-Consumable
Red Wing Scented Tissue,Paper Products,Paper Wipes,Non-Consumable
Red Wing Toilet Paper,Paper Products,Paper Wipes,Non-Consumable
Red Wing Tissues,Paper Products,Paper Wipes,Non-Consumable
Red Wing Scented Toilet Tissue,Paper Products,Paper Wipes,Non-Consumable
Red Wing Room Freshener,Cleaning Supplies,Deodorizers,Non-Consumable
Red Wing Frying Pan,Kitchen Products,Pots and Pans,Non-Consumable
Red Wing Copper Cleaner,Kitchen Products,Pot Cleaners,Non-Consumable
Red Wing Bees Wax Candles,Candles,Candles,Non-Consumable
Red Wing Silver Cleaner,Kitchen Products,Pot Cleaners,Non-Consumable
Red Wing Copper Pot Scrubber,Kitchen Products,Pot Scrubbers,Non-Consumable
Red Wing Economy Toilet Brush,Bathroom Products,Toilet Brushes,Non-Consumable
Red Wing Scissors,Hardware,Tools,Non-Consumable
Red Wing Large Sponge,Kitchen Products,Sponges,Non-Consumable
Red Wing Screw Driver,Hardware,Tools,Non-Consumable
Quick Extra Lean Hamburger,Meat,Hamburger,Food
Quick Seasoned Hamburger,Meat,Hamburger,Food
Dollar Monthly Sports Magazine,Magazines,Sports Magazines,Non-Consumable
Dollar Monthly Auto Magazine,Magazines,Auto Magazines,Non-Consumable
Dollar Monthly Computer Magazine,Magazines,Computer Magazines,Non-Consumable
Dollar Monthly Home Magazine,Magazines,Home Magazines,Non-Consumable
Dollar Monthly Fashion Magazine,Magazines,Fashion Magazines,Non-Consumable
Tell Tale Summer Squash,Vegetables,Fresh Vegetables,Food
Tell Tale Corn on the Cob,Vegetables,Fresh Vegetables,Food
Tell Tale Asparagus,Vegetables,Fresh Vegetables,Food
Tell Tale Sweet Peas,Vegetables,Fresh Vegetables,Food
Tell Tale New Potatos,Vegetables,Fresh Vegetables,Food
Tell Tale Beets,Vegetables,Fresh Vegetables,Food
Tell Tale Prepared Salad,Vegetables,Fresh Vegetables,Food
Tell Tale Onions,Vegetables,Fresh Vegetables,Food
Tell Tale Green Pepper,Vegetables,Fresh Vegetables,Food
Tell Tale Shitake Mushrooms,Vegetables,Fresh Vegetables,Food
Tell Tale Lettuce,Vegetables,Fresh Vegetables,Food
Tell Tale Elephant Garlic,Vegetables,Fresh Vegetables,Food
Tell Tale Red Pepper,Vegetables,Fresh Vegetables,Food
Tell Tale Garlic,Vegetables,Fresh Vegetables,Food
Tell Tale Potatos,Vegetables,Fresh Vegetables,Food
Tell Tale Cauliflower,Vegetables,Fresh Vegetables,Food
Tell Tale Tomatos,Vegetables,Fresh Vegetables,Food
Tell Tale Mushrooms,Vegetables,Fresh Vegetables,Food
Tell Tale Baby Onion,Vegetables,Fresh Vegetables,Food
Tell Tale Dried Mushrooms,Vegetables,Fresh Vegetables,Food
Tell Tale Fresh Lima Beans,Vegetables,Fresh Vegetables,Food
Tell Tale Squash,Vegetables,Fresh Vegetables,Food
Tell Tale Limes,Fruit,Fresh Fruit,Food
Tell Tale Firm Tofu,Packaged Vegetables,Tofu,Food
Tell Tale Almonds,Specialty,Nuts,Food
Tell Tale Macintosh Apples,Fruit,Fresh Fruit,Food
Tell Tale Golden Delcious Apples,Fruit,Fresh Fruit,Food
Tell Tale Red Delcious Apples,Fruit,Fresh Fruit,Food
Tell Tale Lemons,Fruit,Fresh Fruit,Food
Tell Tale Fancy Plums,Fruit,Fresh Fruit,Food
Tell Tale Plums,Fruit,Fresh Fruit,Food
Tell Tale Peaches,Fruit,Fresh Fruit,Food
Tell Tale Broccoli,Vegetables,Fresh Vegetables,Food
Tell Tale Mandarin Oranges,Fruit,Fresh Fruit,Food
Tell Tale Mixed Nuts,Specialty,Nuts,Food
Tell Tale Canned Peanuts,Specialty,Nuts,Food
Tell Tale Sweet Onion,Vegetables,Fresh Vegetables,Food
Tell Tale Cantelope,Fruit,Fresh Fruit,Food
Tell Tale Honey Dew,Fruit,Fresh Fruit,Food
Tell Tale Fuji Apples,Fruit,Fresh Fruit,Food
Tell Tale Walnuts,Specialty,Nuts,Food
Tell Tale Oranges,Fruit,Fresh Fruit,Food
Tell Tale Tangerines,Fruit,Fresh Fruit,Food
Tell Tale Party Nuts,Specialty,Nuts,Food
Kiwi Lox,Seafood,Fresh Fish,Food
Kiwi Scallops,Seafood,Shellfish,Food
Fast Low Fat Cookies,Snack Foods,Cookies,Food
Fast BBQ Potato Chips,Snack Foods,Chips,Food
Fast Corn Chips,Snack Foods,Chips,Food
Fast Low Fat BBQ Chips,Snack Foods,Chips,Food
Fast Sugar Cookies,Snack Foods,Cookies,Food
Fast Chocolate Chip Cookies,Snack Foods,Cookies,Food
Fast Fudge Cookies,Snack Foods,Cookies,Food
Fast Fudge Brownies,Snack Foods,Cookies,Food
Fast Potato Chips,Snack Foods,Chips,Food
Fast Lemon Cookies,Snack Foods,Cookies,Food
Fast Graham Crackers,Snack Foods,Cookies,Food
Fast Cheese Crackers,Snack Foods,Crackers,Food
Fast Buttered Popcorn,Snack Foods,Popcorn,Food
Fast No Salt Popcorn,Snack Foods,Popcorn,Food
Fast Low Fat Popcorn,Snack Foods,Popcorn,Food
Fast Salsa Dip,Snack Foods,Dips,Food
Fast Avocado Dip,Snack Foods,Dips,Food
Fast Salted Pretzels,Snack Foods,Pretzels,Food
Fast Cheese Dip,Snack Foods,Dips,Food
Fast Fondue Mix,Snack Foods,Dips,Food
Fast Mini Donuts,Snack Foods,Donuts,Food
Fast Beef Jerky,Snack Foods,Dried Meat,Food
Fast Chocolate Donuts,Snack Foods,Donuts,Food
Fast Low Fat Chips,Snack Foods,Chips,Food
Fast Sesame Crackers,Snack Foods,Crackers,Food
Fast Frosted Cookies,Snack Foods,Cookies,Food
Fast Dried Apples,Snack Foods,Dried Fruit,Food
Fast Apple Fruit Roll,Snack Foods,Dried Fruit,Food
Fast Strawberry Fruit Roll,Snack Foods,Dried Fruit,Food
Fast Raspberry Fruit Roll,Snack Foods,Dried Fruit,Food
Fast Grape Fruit Roll,Snack Foods,Dried Fruit,Food
Fast Dried Dates,Snack Foods,Dried Fruit,Food
Fast Raisins,Snack Foods,Dried Fruit,Food
Fast Golden Raisins,Snack Foods,Dried Fruit,Food
Fast Dried Apricots,Snack Foods,Dried Fruit,Food
Fast Frosted Donuts,Snack Foods,Donuts,Food
Atomic Tasty Candy Bar,Candy,Chocolate Candy,Food
Atomic Mint Chocolate Bar,Candy,Chocolate Candy,Food
Atomic Malted Milk Balls,Candy,Chocolate Candy,Food
Atomic Semi-Sweet Chocolate Bar,Candy,Chocolate Candy,Food
Atomic Bubble Gum,Candy,Gum,Food
Atomic Spicy Mints,Candy,Hard Candy,Food
Atomic Mints,Candy,Hard Candy,Food
Atomic White Chocolate Bar,Candy,Chocolate Candy,Food
Shady Lake Ravioli,Starchy Foods,Pasta,Food
Shady Lake Manicotti,Starchy Foods,Pasta,Food
Shady Lake Spaghetti,Starchy Foods,Pasta,Food
Shady Lake Thai Rice,Starchy Foods,Rice,Food
Shady Lake Rice Medly,Starchy Foods,Rice,Food
Walrus Imported Beer,Beer and Wine,Beer,Drink
Walrus Light Wine,Beer and Wine,Wine,Drink
Walrus Chardonnay Wine,Beer and Wine,Wine,Drink
Walrus Chablis Wine,Beer and Wine,Wine,Drink
Walrus Merlot Wine,Beer and Wine,Wine,Drink
Walrus Chardonnay,Beer and Wine,Wine,Drink
Walrus White Zinfandel Wine,Beer and Wine,Wine,Drink
Walrus Light Beer,Beer and Wine,Beer,Drink
Colony Pumpernickel Bread,Bread,Sliced Bread,Food
Colony White Bread,Bread,Sliced Bread,Food
Colony Rye Bread,Bread,Sliced Bread,Food
Colony English Muffins,Bread,Muffins,Food
Colony Cranberry Muffins,Bread,Muffins,Food
Colony Muffins,Bread,Muffins,Food
Colony Bagels,Bread,Bagels,Food
Colony Blueberry Muffins,Bread,Muffins,Food
Colony Wheat Bread,Bread,Sliced Bread,Food
Landslide Sesame Oil,Baking Goods,Cooking Oil,Food
Landslide Chunky Peanut Butter,Jams and Jellies,Peanut Butter,Food
Landslide Hot Chocolate,Hot Beverages,Chocolate,Drink
Landslide Brown Sugar,Baking Goods,Sugar,Food
Landslide White Sugar,Baking Goods,Sugar,Food
Landslide French Roast Coffee,Hot Beverages,Coffee,Drink
Landslide Decaf Coffee,Hot Beverages,Coffee,Drink
Landslide Regular Coffee,Hot Beverages,Coffee,Drink
Landslide Vegetable Oil,Baking Goods,Cooking Oil,Food
Landslide Corn Oil,Baking Goods,Cooking Oil,Food
Landslide Tomato Sauce,Baking Goods,Sauces,Food
Landslide Canola Oil,Baking Goods,Cooking Oil,Food
Landslide Grape Preserves,Jams and Jellies,Preserves,Food
Landslide Columbian Coffee,Hot Beverages,Coffee,Drink
Landslide Strawberry Jelly,Jams and Jellies,Jelly,Food
Landslide Pepper,Baking Goods,Spices,Food
Landslide Low Fat Apple Butter,Jams and Jellies,Preserves,Food
Landslide Salt,Baking Goods,Spices,Food
Landslide Apple Butter,Jams and Jellies,Preserves,Food
Landslide Oregano,Baking Goods,Spices,Food
Landslide Apple Jelly,Jams and Jellies,Jelly,Food
Landslide Grape Jam,Jams and Jellies,Jam,Food
Landslide Apple Jam,Jams and Jellies,Jam,Food
Landslide Strawberry Jam,Jams and Jellies,Jam,Food
Landslide Creamy Peanut Butter,Jams and Jellies,Peanut Butter,Food
Landslide Strawberry Preserves,Jams and Jellies,Preserves,Food
Landslide Extra Chunky Peanut Butter,Jams and Jellies,Peanut Butter,Food
Landslide Apple Preserves,Jams and Jellies,Preserves,Food
Landslide Grape Jelly,Jams and Jellies,Jelly,Food
Token Berry Juice,Pure Juice Beverages,Juice,Drink
Token Mango Drink,Drinks,Flavored Drinks,Drink
Token Strawberry Drink,Drinks,Flavored Drinks,Drink
Token Cream Soda,Carbonated Beverages,Soda,Drink
Token Diet Soda,Carbonated Beverages,Soda,Drink
Token Cola,Carbonated Beverages,Soda,Drink
Token Diet Cola,Carbonated Beverages,Soda,Drink
Token Orange Juice,Pure Juice Beverages,Juice,Drink
Token Cranberry Juice,Pure Juice Beverages,Juice,Drink
Token Apple Juice,Pure Juice Beverages,Juice,Drink
Token Apple Drink,Drinks,Flavored Drinks,Drink
Radius Oatmeal,Breakfast Foods,Cereal,Food
Radius Corn Puffs,Breakfast Foods,Cereal,Food
Radius Wheat Puffs,Breakfast Foods,Cereal,Food
Radius Grits,Breakfast Foods,Cereal,Food
Bravo Canned Beets,Vegetables,Canned Vegetables,Food
Bravo Creamed Corn,Vegetables,Canned Vegetables,Food
Bravo Canned String Beans,Vegetables,Canned Vegetables,Food
Bravo Chicken Soup,Canned Soup,Soup,Food
Bravo Canned Yams,Vegetables,Canned Vegetables,Food
Bravo Vegetable Soup,Canned Soup,Soup,Food
Bravo Canned Tomatos,Vegetables,Canned Vegetables,Food
Bravo Noodle Soup,Canned Soup,Soup,Food
Bravo Regular Ramen Soup,Canned Soup,Soup,Food
Bravo Chicken Noodle Soup,Canned Soup,Soup,Food
Bravo Turkey Noodle Soup,Canned Soup,Soup,Food
Bravo Beef Soup,Canned Soup,Soup,Food
Bravo Canned Peas,Vegetables,Canned Vegetables,Food
Bravo Chicken Ramen Soup,Canned Soup,Soup,Food
Bravo Canned Tuna in Water,Canned Tuna,Tuna,Food
Bravo Canned Tuna in Oil,Canned Tuna,Tuna,Food
Bravo Large Canned Shrimp,Canned Shrimp,Shrimp,Food
Bravo Fancy Canned Anchovies,Canned Anchovies,Anchovies,Food
Bravo Fancy Canned Clams,Canned Clams,Clams,Food
Bravo Fancy Canned Oysters,Canned Oysters,Oysters,Food
Bravo Fancy Canned Sardines,Canned Sardines,Sardines,Food
Bravo Rice Soup,Canned Soup,Soup,Food
Applause Canned Mixed Fruit,Fruit,Canned Fruit,Food
Applause Canned Peaches,Fruit,Canned Fruit,Food
Prelude Rosy Sunglasses,Specialty,Sunglasses,Non-Consumable
Akron Eyeglass Screwdriver,Hardware,Screwdrivers,Non-Consumable
Akron City Map,Miscellaneous,Maps,Non-Consumable
Gorilla Low Fat Cottage Cheese,Dairy,Cottage Cheese,Food
Gorilla Low Fat Sour Cream,Dairy,Sour Cream,Food
Gorilla Sour Cream,Dairy,Sour Cream,Food
Gorilla Jack Cheese,Dairy,Cheese,Food
Gorilla Muenster Cheese,Dairy,Cheese,Food
Gorilla String Cheese,Dairy,Cheese,Food
Gorilla Low Fat String Cheese,Dairy,Cheese,Food
Gorilla Havarti Cheese,Dairy,Cheese,Food
Gorilla Head Cheese,Dairy,Cheese,Food
Gorilla Cheese Spread,Dairy,Cheese,Food
Gorilla Sharp Cheddar Cheese,Dairy,Cheese,Food
Gorilla Mild Cheddar Cheese,Dairy,Cheese,Food
Gorilla Large Curd Cottage Cheese,Dairy,Cottage Cheese,Food
Gorilla 2% Milk,Dairy,Milk,Drink
Gorilla Buttermilk,Dairy,Milk,Drink
Gorilla Chocolate Milk,Dairy,Milk,Drink
Gorilla 1% Milk,Dairy,Milk,Drink
Gorilla Whole Milk,Dairy,Milk,Drink
Gorilla Strawberry Yogurt,Dairy,Yogurt,Food
Gorilla Blueberry Yogurt,Dairy,Yogurt,Food
Cutting Edge Chicken Hot Dogs,Meat,Hot Dogs,Food
Cutting Edge Pimento Loaf,Meat,Bologna,Food
Cutting Edge Beef Bologna,Meat,Bologna,Food
Cutting Edge Low Fat Bologna,Meat,Bologna,Food
Cutting Edge Turkey Hot Dogs,Meat,Hot Dogs,Food
Cutting Edge Foot-Long Hot Dogs,Meat,Hot Dogs,Food
Cutting Edge Low Fat Cole Slaw,Side Dishes,Deli Salads,Food
Cutting Edge Cole Slaw,Side Dishes,Deli Salads,Food
Cutting Edge Roasted Chicken,Meat,Fresh Chicken,Food
Cutting Edge Corned Beef,Meat,Deli Meats,Food
Cutting Edge Sliced Turkey,Meat,Deli Meats,Food
Cutting Edge Sliced Ham,Meat,Deli Meats,Food
Cutting Edge Potato Salad,Side Dishes,Deli Salads,Food
Cutting Edge Sliced Chicken,Meat,Deli Meats,Food
Jumbo Small Brown Eggs,Eggs,Eggs,Food
Jumbo Large Brown Eggs,Eggs,Eggs,Food
Jumbo Small Eggs,Eggs,Eggs,Food
Jumbo Large Eggs,Eggs,Eggs,Food
Jumbo Egg Substitute,Eggs,Eggs,Food
Imagine Low Fat Waffles,Breakfast Foods,Waffles,Food
Imagine Orange Popsicles,Frozen Desserts,Popsicles,Food
Imagine Frozen Chicken Breast,Meat,Frozen Chicken,Food
Imagine Frozen Pancakes,Breakfast Foods,Pancakes,Food
Imagine Low Fat French Fries,Vegetables,French Fries,Food
Imagine Frozen Sausage Pizza,Pizza,Pizza,Food
Imagine Blueberry Waffles,Breakfast Foods,Waffles,Food
Imagine Fajita French Fries,Vegetables,French Fries,Food
Imagine Waffles,Breakfast Foods,Waffles,Food
Imagine Frozen Pepperoni Pizza,Pizza,Pizza,Food
Imagine Frozen Cheese Pizza,Pizza,Pizza,Food
Imagine Frozen Mushroom Pizza,Pizza,Pizza,Food
Imagine Apple Cinnamon Waffles,Breakfast Foods,Waffles,Food
Imagine Frozen Carrots,Vegetables,Frozen Vegetables,Food
Imagine Turkey TV Dinner,Frozen Entrees,TV Dinner,Food
Imagine Chicken TV Dinner,Frozen Entrees,TV Dinner,Food
Imagine Beef TV Dinner,Frozen Entrees,TV Dinner,Food
Imagine Pancake Mix,Breakfast Foods,Pancake Mix,Food
Imagine Grape Popsicles,Frozen Desserts,Popsicles,Food
Imagine Home Style French Fries,Vegetables,French Fries,Food
Imagine Lime Popsicles,Frozen Desserts,Popsicles,Food
Imagine Ice Cream,Frozen Desserts,Ice Cream,Food
Imagine Ice Cream Sandwich,Frozen Desserts,Ice Cream,Food
Imagine Frozen Cauliflower,Vegetables,Frozen Vegetables,Food
Imagine Frozen Broccoli,Vegetables,Frozen Vegetables,Food
Imagine Frozen Corn,Vegetables,Frozen Vegetables,Food
Imagine Frozen Peas,Vegetables,Frozen Vegetables,Food
Imagine Popsicles,Frozen Desserts,Ice Cream,Food
Imagine Frozen Chicken Thighs,Meat,Frozen Chicken,Food
Imagine Frozen Chicken Wings,Meat,Frozen Chicken,Food
Imagine Lemon Popsicles,Frozen Desserts,Popsicles,Food
Consolidated Silky Smooth Hair Conditioner,Bathroom Products,Conditioner,Non-Consumable
Consolidated Tartar Control Toothpaste,Hygiene,Personal Hygiene,Non-Consumable
Consolidated Whitening Toothpast,Hygiene,Personal Hygiene,Non-Consumable
Consolidated Toothpaste,Hygiene,Personal Hygiene,Non-Consumable
Consolidated Deodorant,Hygiene,Personal Hygiene,Non-Consumable
Consolidated Conditioning Shampoo,Bathroom Products,Shampoo,Non-Consumable
Consolidated Extra Moisture Shampoo,Bathroom Products,Shampoo,Non-Consumable
Consolidated Angled Toothbrush,Bathroom Products,Toothbrushes,Non-Consumable
Consolidated Apricot Shampoo,Bathroom Products,Shampoo,Non-Consumable
Consolidated Childrens Aspirin,Pain Relievers,Aspirin,Non-Consumable
Consolidated Buffered Aspirin,Pain Relievers,Aspirin,Non-Consumable
Consolidated 200 MG Ibuprofen,Pain Relievers,Ibuprofen,Non-Consumable
Consolidated 200 MG Acetominifen,Pain Relievers,Acetominifen,Non-Consumable
Consolidated HCL Nasal Spray,Decongestants,Nasal Sprays,Non-Consumable
Consolidated Dishwasher Detergent,Decongestants,Nasal Sprays,Non-Consumable
Consolidated Multi-Symptom Cold Remedy,Cold Remedies,Cold Remedies,Non-Consumable
Consolidated Childrens Cold Remedy,Cold Remedies,Cold Remedies,Non-Consumable
Consolidated Laundry Detergent,Bathroom Products,Mouthwash,Non-Consumable
Consolidated Mint Mouthwash,Bathroom Products,Mouthwash,Non-Consumable
Cormorant 60 Watt Lightbulb,Electrical,Lightbulbs,Non-Consumable
Cormorant Plastic Forks,Plastic Products,Plastic Utensils,Non-Consumable
Cormorant Plastic Spoons,Plastic Products,Plastic Utensils,Non-Consumable
Cormorant Plastic Knives,Plastic Products,Plastic Utensils,Non-Consumable
Cormorant C-Size Batteries,Electrical,Batteries,Non-Consumable
Cormorant 100 Watt Lightbulb,Electrical,Lightbulbs,Non-Consumable
Cormorant AAA-Size Batteries,Electrical,Batteries,Non-Consumable
Cormorant Paper Plates,Paper Products,Paper Dishes,Non-Consumable
Cormorant Paper Cups,Paper Products,Paper Dishes,Non-Consumable
Cormorant 75 Watt Lightbulb,Electrical,Lightbulbs,Non-Consumable
Cormorant Toilet Bowl Cleaner,Cleaning Supplies,Cleaners,Non-Consumable
Cormorant Counter Cleaner,Cleaning Supplies,Cleaners,Non-Consumable
Cormorant Glass Cleaner,Cleaning Supplies,Cleaners,Non-Consumable
Cormorant 25 Watt Lightbulb,Electrical,Lightbulbs,Non-Consumable
Cormorant AA-Size Batteries,Electrical,Batteries,Non-Consumable
Cormorant D-Size Batteries,Electrical,Batteries,Non-Consumable
Cormorant Paper Towels,Paper Products,Paper Wipes,Non-Consumable
Cormorant Soft Napkins,Paper Products,Paper Wipes,Non-Consumable
Cormorant Scented Tissue,Paper Products,Paper Wipes,Non-Consumable
Cormorant Toilet Paper,Paper Products,Paper Wipes,Non-Consumable
Cormorant Tissues,Paper Products,Paper Wipes,Non-Consumable
Cormorant Scented Toilet Tissue,Paper Products,Paper Wipes,Non-Consumable
Cormorant Room Freshener,Cleaning Supplies,Deodorizers,Non-Consumable
Cormorant Frying Pan,Kitchen Products,Pots and Pans,Non-Consumable
Cormorant Copper Cleaner,Kitchen Products,Pot Cleaners,Non-Consumable
Cormorant Bees Wax Candles,Candles,Candles,Non-Consumable
Cormorant Silver Cleaner,Kitchen Products,Pot Cleaners,Non-Consumable
Cormorant Copper Pot Scrubber,Kitchen Products,Pot Scrubbers,Non-Consumable
Cormorant Economy Toilet Brush,Bathroom Products,Toilet Brushes,Non-Consumable
Cormorant Scissors,Hardware,Tools,Non-Consumable
Cormorant Large Sponge,Kitchen Products,Sponges,Non-Consumable
Cormorant Screw Driver,Hardware,Tools,Non-Consumable
Footnote Extra Lean Hamburger,Meat,Hamburger,Food
Footnote Seasoned Hamburger,Meat,Hamburger,Food
Excel Monthly Sports Magazine,Magazines,Sports Magazines,Non-Consumable
Excel Monthly Auto Magazine,Magazines,Auto Magazines,Non-Consumable
Excel Monthly Computer Magazine,Magazines,Computer Magazines,Non-Consumable
Excel Monthly Home Magazine,Magazines,Home Magazines,Non-Consumable
Excel Monthly Fashion Magazine,Magazines,Fashion Magazines,Non-Consumable
Ebony Summer Squash,Vegetables,Fresh Vegetables,Food
Ebony Corn on the Cob,Vegetables,Fresh Vegetables,Food
Ebony Asparagus,Vegetables,Fresh Vegetables,Food
Ebony Sweet Peas,Vegetables,Fresh Vegetables,Food
Ebony New Potatos,Vegetables,Fresh Vegetables,Food
Ebony Beets,Vegetables,Fresh Vegetables,Food
Ebony Prepared Salad,Vegetables,Fresh Vegetables,Food
Ebony Onions,Vegetables,Fresh Vegetables,Food
Ebony Green Pepper,Vegetables,Fresh Vegetables,Food
Ebony Shitake Mushrooms,Vegetables,Fresh Vegetables,Food
Ebony Lettuce,Vegetables,Fresh Vegetables,Food
Ebony Elephant Garlic,Vegetables,Fresh Vegetables,Food
Ebony Red Pepper,Vegetables,Fresh Vegetables,Food
Ebony Garlic,Vegetables,Fresh Vegetables,Food
Ebony Potatos,Vegetables,Fresh Vegetables,Food
Ebony Cauliflower,Vegetables,Fresh Vegetables,Food
Ebony Tomatos,Vegetables,Fresh Vegetables,Food
Ebony Mushrooms,Vegetables,Fresh Vegetables,Food
Ebony Baby Onion,Vegetables,Fresh Vegetables,Food
Ebony Dried Mushrooms,Vegetables,Fresh Vegetables,Food
Ebony Fresh Lima Beans,Vegetables,Fresh Vegetables,Food
Ebony Squash,Vegetables,Fresh Vegetables,Food
Ebony Limes,Fruit,Fresh Fruit,Food
Ebony Firm Tofu,Packaged Vegetables,Tofu,Food
Ebony Almonds,Specialty,Nuts,Food
Ebony Macintosh Apples,Fruit,Fresh Fruit,Food
Ebony Golden Delcious Apples,Fruit,Fresh Fruit,Food
Ebony Red Delcious Apples,Fruit,Fresh Fruit,Food
Ebony Lemons,Fruit,Fresh Fruit,Food
Ebony Fancy Plums,Fruit,Fresh Fruit,Food
Ebony Plums,Fruit,Fresh Fruit,Food
Ebony Peaches,Fruit,Fresh Fruit,Food
Ebony Broccoli,Vegetables,Fresh Vegetables,Food
Ebony Mandarin Oranges,Fruit,Fresh Fruit,Food
Ebony Mixed Nuts,Specialty,Nuts,Food
Ebony Canned Peanuts,Specialty,Nuts,Food
Ebony Sweet Onion,Vegetables,Fresh Vegetables,Food
Ebony Cantelope,Fruit,Fresh Fruit,Food
Ebony Honey Dew,Fruit,Fresh Fruit,Food
Ebony Fuji Apples,Fruit,Fresh Fruit,Food
Ebony Walnuts,Specialty,Nuts,Food
Ebony Oranges,Fruit,Fresh Fruit,Food
Ebony Tangerines,Fruit,Fresh Fruit,Food
Ebony Party Nuts,Specialty,Nuts,Food
Curlew Lox,Seafood,Fresh Fish,Food
Curlew Scallops,Seafood,Shellfish,Food
Nationeel Low Fat Cookies,Snack Foods,Cookies,Food
Nationeel BBQ Potato Chips,Snack Foods,Chips,Food
Nationeel Corn Chips,Snack Foods,Chips,Food
Nationeel Low Fat BBQ Chips,Snack Foods,Chips,Food
Nationeel Sugar Cookies,Snack Foods,Cookies,Food
Nationeel Chocolate Chip Cookies,Snack Foods,Cookies,Food
Nationeel Fudge Cookies,Snack Foods,Cookies,Food
Nationeel Fudge Brownies,Snack Foods,Cookies,Food
Nationeel Potato Chips,Snack Foods,Chips,Food
Nationeel Lemon Cookies,Snack Foods,Cookies,Food
Nationeel Graham Crackers,Snack Foods,Cookies,Food
Nationeel Cheese Crackers,Snack Foods,Crackers,Food
Nationeel Buttered Popcorn,Snack Foods,Popcorn,Food
Nationeel No Salt Popcorn,Snack Foods,Popcorn,Food
Nationeel Low Fat Popcorn,Snack Foods,Popcorn,Food
Nationeel Salsa Dip,Snack Foods,Dips,Food
Nationeel Avocado Dip,Snack Foods,Dips,Food
Nationeel Salted Pretzels,Snack Foods,Pretzels,Food
Nationeel Cheese Dip,Snack Foods,Dips,Food
Nationeel Fondue Mix,Snack Foods,Dips,Food
Nationeel Mini Donuts,Snack Foods,Donuts,Food
Nationeel Beef Jerky,Snack Foods,Dried Meat,Food
Nationeel Chocolate Donuts,Snack Foods,Donuts,Food
Nationeel Low Fat Chips,Snack Foods,Chips,Food
Nationeel Sesame Crackers,Snack Foods,Crackers,Food
Nationeel Frosted Cookies,Snack Foods,Cookies,Food
Nationeel Dried Apples,Snack Foods,Dried Fruit,Food
Nationeel Apple Fruit Roll,Snack Foods,Dried Fruit,Food
Nationeel Strawberry Fruit Roll,Snack Foods,Dried Fruit,Food
Nationeel Raspberry Fruit Roll,Snack Foods,Dried Fruit,Food
Nationeel Grape Fruit Roll,Snack Foods,Dried Fruit,Food
Nationeel Dried Dates,Snack Foods,Dried Fruit,Food
Nationeel Raisins,Snack Foods,Dried Fruit,Food
Nationeel Golden Raisins,Snack Foods,Dried Fruit,Food
Nationeel Dried Apricots,Snack Foods,Dried Fruit,Food
Nationeel Frosted Donuts,Snack Foods,Donuts,Food
Thresher Tasty Candy Bar,Candy,Chocolate Candy,Food
Thresher Mint Chocolate Bar,Candy,Chocolate Candy,Food
Thresher Malted Milk Balls,Candy,Chocolate Candy,Food
Thresher Semi-Sweet Chocolate Bar,Candy,Chocolate Candy,Food
Thresher Bubble Gum,Candy,Gum,Food
Thresher Spicy Mints,Candy,Hard Candy,Food
Thresher Mints,Candy,Hard Candy,Food
Thresher White Chocolate Bar,Candy,Chocolate Candy,Food
Monarch Ravioli,Starchy Foods,Pasta,Food
Monarch Manicotti,Starchy Foods,Pasta,Food
Monarch Spaghetti,Starchy Foods,Pasta,Food
Monarch Thai Rice,Starchy Foods,Rice,Food
Monarch Rice Medly,Starchy Foods,Rice,Food
Discover Ravioli,Starchy Foods,Pasta,Food
Discover Manicotti,Starchy Foods,Pasta,Food
Discover Spaghetti,Starchy Foods,Pasta,Food
Discover Thai Rice,Starchy Foods,Rice,Food
Discover Rice Medly,Starchy Foods,Rice,Food
Pearl Imported Beer,Beer and Wine,Beer,Drink
Pearl Light Wine,Beer and Wine,Wine,Drink
Pearl Chardonnay Wine,Beer and Wine,Wine,Drink
Pearl Chablis Wine,Beer and Wine,Wine,Drink
Pearl Merlot Wine,Beer and Wine,Wine,Drink
Pearl Chardonnay,Beer and Wine,Wine,Drink
Pearl White Zinfandel Wine,Beer and Wine,Wine,Drink
Pearl Light Beer,Beer and Wine,Beer,Drink
Fantastic Pumpernickel Bread,Bread,Sliced Bread,Food
Fantastic White Bread,Bread,Sliced Bread,Food
Fantastic Rye Bread,Bread,Sliced Bread,Food
Fantastic English Muffins,Bread,Muffins,Food
Fantastic Cranberry Muffins,Bread,Muffins,Food
Fantastic Muffins,Bread,Muffins,Food
Fantastic Bagels,Bread,Bagels,Food
Fantastic Blueberry Muffins,Bread,Muffins,Food
Fantastic Wheat Bread,Bread,Sliced Bread,Food
BBB Best Sesame Oil,Baking Goods,Cooking Oil,Food
BBB Best Chunky Peanut Butter,Jams and Jellies,Peanut Butter,Food
BBB Best Hot Chocolate,Hot Beverages,Chocolate,Drink
BBB Best Brown Sugar,Baking Goods,Sugar,Food
BBB Best White Sugar,Baking Goods,Sugar,Food
BBB Best French Roast Coffee,Hot Beverages,Coffee,Drink
BBB Best Decaf Coffee,Hot Beverages,Coffee,Drink
BBB Best Regular Coffee,Hot Beverages,Coffee,Drink
BBB Best Vegetable Oil,Baking Goods,Cooking Oil,Food
BBB Best Corn Oil,Baking Goods,Cooking Oil,Food
BBB Best Tomato Sauce,Baking Goods,Sauces,Food
BBB Best Canola Oil,Baking Goods,Cooking Oil,Food
BBB Best Grape Preserves,Jams and Jellies,Preserves,Food
BBB Best Columbian Coffee,Hot Beverages,Coffee,Drink
BBB Best Strawberry Jelly,Jams and Jellies,Jelly,Food
BBB Best Pepper,Baking Goods,Spices,Food
BBB Best Low Fat Apple Butter,Jams and Jellies,Preserves,Food
BBB Best Salt,Baking Goods,Spices,Food
BBB Best Apple Butter,Jams and Jellies,Preserves,Food
BBB Best Oregano,Baking Goods,Spices,Food
BBB Best Apple Jelly,Jams and Jellies,Jelly,Food
BBB Best Grape Jam,Jams and Jellies,Jam,Food
BBB Best Apple Jam,Jams and Jellies,Jam,Food
BBB Best Strawberry Jam,Jams and Jellies,Jam,Food
BBB Best Creamy Peanut Butter,Jams and Jellies,Peanut Butter,Food
BBB Best Strawberry Preserves,Jams and Jellies,Preserves,Food
BBB Best Extra Chunky Peanut Butter,Jams and Jellies,Peanut Butter,Food
BBB Best Apple Preserves,Jams and Jellies,Preserves,Food
BBB Best Grape Jelly,Jams and Jellies,Jelly,Food
Fabulous Berry Juice,Pure Juice Beverages,Juice,Drink
Fabulous Mango Drink,Drinks,Flavored Drinks,Drink
Fabulous Strawberry Drink,Drinks,Flavored Drinks,Drink
Fabulous Cream Soda,Carbonated Beverages,Soda,Drink
Fabulous Diet Soda,Carbonated Beverages,Soda,Drink
Fabulous Cola,Carbonated Beverages,Soda,Drink
Fabulous Diet Cola,Carbonated Beverages,Soda,Drink
Fabulous Orange Juice,Pure Juice Beverages,Juice,Drink
Fabulous Cranberry Juice,Pure Juice Beverages,Juice,Drink
Fabulous Apple Juice,Pure Juice Beverages,Juice,Drink
Fabulous Apple Drink,Drinks,Flavored Drinks,Drink
Special Oatmeal,Breakfast Foods,Cereal,Food
Special Corn Puffs,Breakfast Foods,Cereal,Food
Special Wheat Puffs,Breakfast Foods,Cereal,Food
Special Grits,Breakfast Foods,Cereal,Food
Just Right Canned Beets,Vegetables,Canned Vegetables,Food
Just Right Creamed Corn,Vegetables,Canned Vegetables,Food
Just Right Canned String Beans,Vegetables,Canned Vegetables,Food
Just Right Chicken Soup,Canned Soup,Soup,Food
Just Right Canned Yams,Vegetables,Canned Vegetables,Food
Just Right Vegetable Soup,Canned Soup,Soup,Food
Just Right Canned Tomatos,Vegetables,Canned Vegetables,Food
Just Right Noodle Soup,Canned Soup,Soup,Food
Just Right Regular Ramen Soup,Canned Soup,Soup,Food
Just Right Chicken Noodle Soup,Canned Soup,Soup,Food
Just Right Turkey Noodle Soup,Canned Soup,Soup,Food
Just Right Beef Soup,Canned Soup,Soup,Food
Just Right Canned Peas,Vegetables,Canned Vegetables,Food
Just Right Chicken Ramen Soup,Canned Soup,Soup,Food
Just Right Canned Tuna in Water,Canned Tuna,Tuna,Food
Just Right Canned Tuna in Oil,Canned Tuna,Tuna,Food
Just Right Large Canned Shrimp,Canned Shrimp,Shrimp,Food
Just Right Fancy Canned Anchovies,Canned Anchovies,Anchovies,Food
Just Right Fancy Canned Clams,Canned Clams,Clams,Food
Just Right Fancy Canned Oysters,Canned Oysters,Oysters,Food
Just Right Fancy Canned Sardines,Canned Sardines,Sardines,Food
Just Right Rice Soup,Canned Soup,Soup,Food
Big City Canned Mixed Fruit,Fruit,Canned Fruit,Food
Big City Canned Peaches,Fruit,Canned Fruit,Food
Symphony Rosy Sunglasses,Specialty,Sunglasses,Non-Consumable
James Bay Eyeglass Screwdriver,Hardware,Screwdrivers,Non-Consumable
James Bay City Map,Miscellaneous,Maps,Non-Consumable
Even Better Low Fat Cottage Cheese,Dairy,Cottage Cheese,Food
Even Better Low Fat Sour Cream,Dairy,Sour Cream,Food
Even Better Sour Cream,Dairy,Sour Cream,Food
Even Better Jack Cheese,Dairy,Cheese,Food
Even Better Muenster Cheese,Dairy,Cheese,Food
Even Better String Cheese,Dairy,Cheese,Food
Even Better Low Fat String Cheese,Dairy,Cheese,Food
Even Better Havarti Cheese,Dairy,Cheese,Food
Even Better Head Cheese,Dairy,Cheese,Food
Even Better Cheese Spread,Dairy,Cheese,Food
Even Better Sharp Cheddar Cheese,Dairy,Cheese,Food
Even Better Mild Cheddar Cheese,Dairy,Cheese,Food
Even Better Large Curd Cottage Cheese,Dairy,Cottage Cheese,Food
Even Better 2% Milk,Dairy,Milk,Drink
Even Better Buttermilk,Dairy,Milk,Drink
Even Better Chocolate Milk,Dairy,Milk,Drink
Even Better 1% Milk,Dairy,Milk,Drink
Even Better Whole Milk,Dairy,Milk,Drink
Even Better Strawberry Yogurt,Dairy,Yogurt,Food
Even Better Blueberry Yogurt,Dairy,Yogurt,Food
American Chicken Hot Dogs,Meat,Hot Dogs,Food
American Pimento Loaf,Meat,Bologna,Food
American Beef Bologna,Meat,Bologna,Food
American Low Fat Bologna,Meat,Bologna,Food
American Turkey Hot Dogs,Meat,Hot Dogs,Food
American Foot-Long Hot Dogs,Meat,Hot Dogs,Food
American Low Fat Cole Slaw,Side Dishes,Deli Salads,Food
American Cole Slaw,Side Dishes,Deli Salads,Food
American Roasted Chicken,Meat,Fresh Chicken,Food
American Corned Beef,Meat,Deli Meats,Food
American Sliced Turkey,Meat,Deli Meats,Food
American Sliced Ham,Meat,Deli Meats,Food
American Potato Salad,Side Dishes,Deli Salads,Food
American Sliced Chicken,Meat,Deli Meats,Food
National Small Brown Eggs,Eggs,Eggs,Food
National Large Brown Eggs,Eggs,Eggs,Food
National Small Eggs,Eggs,Eggs,Food
National Large Eggs,Eggs,Eggs,Food
National Egg Substitute,Eggs,Eggs,Food
PigTail Low Fat Waffles,Breakfast Foods,Waffles,Food
PigTail Orange Popsicles,Frozen Desserts,Popsicles,Food
PigTail Frozen Chicken Breast,Meat,Frozen Chicken,Food
PigTail Frozen Pancakes,Breakfast Foods,Pancakes,Food
PigTail Low Fat French Fries,Vegetables,French Fries,Food
PigTail Frozen Sausage Pizza,Pizza,Pizza,Food
PigTail Blueberry Waffles,Breakfast Foods,Waffles,Food
PigTail Fajita French Fries,Vegetables,French Fries,Food
PigTail Waffles,Breakfast Foods,Waffles,Food
PigTail Frozen Pepperoni Pizza,Pizza,Pizza,Food
PigTail Frozen Cheese Pizza,Pizza,Pizza,Food
PigTail Frozen Mushroom Pizza,Pizza,Pizza,Food
PigTail Apple Cinnamon Waffles,Breakfast Foods,Waffles,Food
PigTail Frozen Carrots,Vegetables,Frozen Vegetables,Food
PigTail Turkey TV Dinner,Frozen Entrees,TV Dinner,Food
PigTail Chicken TV Dinner,Frozen Entrees,TV Dinner,Food
PigTail Beef TV Dinner,Frozen Entrees,TV Dinner,Food
PigTail Pancake Mix,Breakfast Foods,Pancake Mix,Food
PigTail Grape Popsicles,Frozen Desserts,Popsicles,Food
PigTail Home Style French Fries,Vegetables,French Fries,Food
PigTail Lime Popsicles,Frozen Desserts,Popsicles,Food
PigTail Ice Cream,Frozen Desserts,Ice Cream,Food
PigTail Ice Cream Sandwich,Frozen Desserts,Ice Cream,Food
PigTail Frozen Cauliflower,Vegetables,Frozen Vegetables,Food
PigTail Frozen Broccoli,Vegetables,Frozen Vegetables,Food
PigTail Frozen Corn,Vegetables,Frozen Vegetables,Food
PigTail Frozen Peas,Vegetables,Frozen Vegetables,Food
PigTail Popsicles,Frozen Desserts,Ice Cream,Food
PigTail Frozen Chicken Thighs,Meat,Frozen Chicken,Food
PigTail Frozen Chicken Wings,Meat,Frozen Chicken,Food
PigTail Lemon Popsicles,Frozen Desserts,Popsicles,Food
Bird Call Silky Smooth Hair Conditioner,Bathroom Products,Conditioner,Non-Consumable
Bird Call Tartar Control Toothpaste,Hygiene,Personal Hygiene,Non-Consumable
Bird Call Whitening Toothpast,Hygiene,Personal Hygiene,Non-Consumable
Bird Call Toothpaste,Hygiene,Personal Hygiene,Non-Consumable
Bird Call Deodorant,Hygiene,Personal Hygiene,Non-Consumable
Bird Call Conditioning Shampoo,Bathroom Products,Shampoo,Non-Consumable
Bird Call Extra Moisture Shampoo,Bathroom Products,Shampoo,Non-Consumable
Bird Call Angled Toothbrush,Bathroom Products,Toothbrushes,Non-Consumable
Bird Call Apricot Shampoo,Bathroom Products,Shampoo,Non-Consumable
Bird Call Childrens Aspirin,Pain Relievers,Aspirin,Non-Consumable
Bird Call Buffered Aspirin,Pain Relievers,Aspirin,Non-Consumable
Bird Call 200 MG Ibuprofen,Pain Relievers,Ibuprofen,Non-Consumable
Bird Call 200 MG Acetominifen,Pain Relievers,Acetominifen,Non-Consumable
Bird Call HCL Nasal Spray,Decongestants,Nasal Sprays,Non-Consumable
Bird Call Dishwasher Detergent,Decongestants,Nasal Sprays,Non-Consumable
Bird Call Multi-Symptom Cold Remedy,Cold Remedies,Cold Remedies,Non-Consumable
Bird Call Childrens Cold Remedy,Cold Remedies,Cold Remedies,Non-Consumable
Bird Call Laundry Detergent,Bathroom Products,Mouthwash,Non-Consumable
Bird Call Mint Mouthwash,Bathroom Products,Mouthwash,Non-Consumable
High Quality 60 Watt Lightbulb,Electrical,Lightbulbs,Non-Consumable
High Quality Plastic Forks,Plastic Products,Plastic Utensils,Non-Consumable
High Quality Plastic Spoons,Plastic Products,Plastic Utensils,Non-Consumable
High Quality Plastic Knives,Plastic Products,Plastic Utensils,Non-Consumable
High Quality C-Size Batteries,Electrical,Batteries,Non-Consumable
High Quality 100 Watt Lightbulb,Electrical,Lightbulbs,Non-Consumable
High Quality AAA-Size Batteries,Electrical,Batteries,Non-Consumable
High Quality Paper Plates,Paper Products,Paper Dishes,Non-Consumable
High Quality Paper Cups,Paper Products,Paper Dishes,Non-Consumable
High Quality 75 Watt Lightbulb,Electrical,Lightbulbs,Non-Consumable
High Quality Toilet Bowl Cleaner,Cleaning Supplies,Cleaners,Non-Consumable
High Quality Counter Cleaner,Cleaning Supplies,Cleaners,Non-Consumable
High Quality Glass Cleaner,Cleaning Supplies,Cleaners,Non-Consumable
High Quality 25 Watt Lightbulb,Electrical,Lightbulbs,Non-Consumable
High Quality AA-Size Batteries,Electrical,Batteries,Non-Consumable
High Quality D-Size Batteries,Electrical,Batteries,Non-Consumable
High Quality Paper Towels,Paper Products,Paper Wipes,Non-Consumable
High Quality Soft Napkins,Paper Products,Paper Wipes,Non-Consumable
High Quality Scented Tissue,Paper Products,Paper Wipes,Non-Consumable
High Quality Toilet Paper,Paper Products,Paper Wipes,Non-Consumable
High Quality Tissues,Paper Products,Paper Wipes,Non-Consumable
High Quality Scented Toilet Tissue,Paper Products,Paper Wipes,Non-Consumable
High Quality Room Freshener,Cleaning Supplies,Deodorizers,Non-Consumable
High Quality Frying Pan,Kitchen Products,Pots and Pans,Non-Consumable
High Quality Copper Cleaner,Kitchen Products,Pot Cleaners,Non-Consumable
High Quality Bees Wax Candles,Candles,Candles,Non-Consumable
High Quality Silver Cleaner,Kitchen Products,Pot Cleaners,Non-Consumable
High Quality Copper Pot Scrubber,Kitchen Products,Pot Scrubbers,Non-Consumable
High Quality Economy Toilet Brush,Bathroom Products,Toilet Brushes,Non-Consumable
High Quality Scissors,Hardware,Tools,Non-Consumable
High Quality Large Sponge,Kitchen Products,Sponges,Non-Consumable
High Quality Screw Driver,Hardware,Tools,Non-Consumable
Genteel Extra Lean Hamburger,Meat,Hamburger,Food
Genteel Seasoned Hamburger,Meat,Hamburger,Food
Mighty Good Monthly Sports Magazine,Magazines,Sports Magazines,Non-Consumable
Mighty Good Monthly Auto Magazine,Magazines,Auto Magazines,Non-Consumable
Mighty Good Monthly Computer Magazine,Magazines,Computer Magazines,Non-Consumable
Mighty Good Monthly Home Magazine,Magazines,Home Magazines,Non-Consumable
Mighty Good Monthly Fashion Magazine,Magazines,Fashion Magazines,Non-Consumable
Tri-State Summer Squash,Vegetables,Fresh Vegetables,Food
Tri-State Corn on the Cob,Vegetables,Fresh Vegetables,Food
Tri-State Asparagus,Vegetables,Fresh Vegetables,Food
Tri-State Sweet Peas,Vegetables,Fresh Vegetables,Food
Tri-State New Potatos,Vegetables,Fresh Vegetables,Food
Tri-State Beets,Vegetables,Fresh Vegetables,Food
Tri-State Prepared Salad,Vegetables,Fresh Vegetables,Food
Tri-State Onions,Vegetables,Fresh Vegetables,Food
Tri-State Green Pepper,Vegetables,Fresh Vegetables,Food
Tri-State Shitake Mushrooms,Vegetables,Fresh Vegetables,Food
Tri-State Lettuce,Vegetables,Fresh Vegetables,Food
Tri-State Elephant Garlic,Vegetables,Fresh Vegetables,Food
Tri-State Red Pepper,Vegetables,Fresh Vegetables,Food
Tri-State Garlic,Vegetables,Fresh Vegetables,Food
Tri-State Potatos,Vegetables,Fresh Vegetables,Food
Tri-State Cauliflower,Vegetables,Fresh Vegetables,Food
Tri-State Tomatos,Vegetables,Fresh Vegetables,Food
Tri-State Mushrooms,Vegetables,Fresh Vegetables,Food
Tri-State Baby Onion,Vegetables,Fresh Vegetables,Food
Tri-State Dried Mushrooms,Vegetables,Fresh Vegetables,Food
Tri-State Fresh Lima Beans,Vegetables,Fresh Vegetables,Food
Tri-State Squash,Vegetables,Fresh Vegetables,Food
Tri-State Limes,Fruit,Fresh Fruit,Food
Tri-State Firm Tofu,Packaged Vegetables,Tofu,Food
Tri-State Almonds,Specialty,Nuts,Food
Tri-State Macintosh Apples,Fruit,Fresh Fruit,Food
Tri-State Golden Delcious Apples,Fruit,Fresh Fruit,Food
Tri-State Red Delcious Apples,Fruit,Fresh Fruit,Food
Tri-State Lemons,Fruit,Fresh Fruit,Food
Tri-State Fancy Plums,Fruit,Fresh Fruit,Food
Tri-State Plums,Fruit,Fresh Fruit,Food
Tri-State Peaches,Fruit,Fresh Fruit,Food
Tri-State Broccoli,Vegetables,Fresh Vegetables,Food
Tri-State Mandarin Oranges,Fruit,Fresh Fruit,Food
Tri-State Mixed Nuts,Specialty,Nuts,Food
Tri-State Canned Peanuts,Specialty,Nuts,Food
Tri-State Sweet Onion,Vegetables,Fresh Vegetables,Food
Tri-State Cantelope,Fruit,Fresh Fruit,Food
Tri-State Honey Dew,Fruit,Fresh Fruit,Food
Tri-State Fuji Apples,Fruit,Fresh Fruit,Food
Tri-State Walnuts,Specialty,Nuts,Food
Tri-State Oranges,Fruit,Fresh Fruit,Food
Tri-State Tangerines,Fruit,Fresh Fruit,Food
Tri-State Party Nuts,Specialty,Nuts,Food
Dual City Lox,Seafood,Fresh Fish,Food
Dual City Scallops,Seafood,Shellfish,Food
Horatio Low Fat Cookies,Snack Foods,Cookies,Food
Horatio BBQ Potato Chips,Snack Foods,Chips,Food
Horatio Corn Chips,Snack Foods,Chips,Food
Horatio Low Fat BBQ Chips,Snack Foods,Chips,Food
Horatio Sugar Cookies,Snack Foods,Cookies,Food
Horatio Chocolate Chip Cookies,Snack Foods,Cookies,Food
Horatio Fudge Cookies,Snack Foods,Cookies,Food
Horatio Fudge Brownies,Snack Foods,Cookies,Food
Horatio Potato Chips,Snack Foods,Chips,Food
Horatio Lemon Cookies,Snack Foods,Cookies,Food
Horatio Graham Crackers,Snack Foods,Cookies,Food
Horatio Cheese Crackers,Snack Foods,Crackers,Food
Horatio Buttered Popcorn,Snack Foods,Popcorn,Food
Horatio No Salt Popcorn,Snack Foods,Popcorn,Food
Horatio Low Fat Popcorn,Snack Foods,Popcorn,Food
Horatio Salsa Dip,Snack Foods,Dips,Food
Horatio Avocado Dip,Snack Foods,Dips,Food
Horatio Salted Pretzels,Snack Foods,Pretzels,Food
Horatio Cheese Dip,Snack Foods,Dips,Food
Horatio Fondue Mix,Snack Foods,Dips,Food
Horatio Mini Donuts,Snack Foods,Donuts,Food
Horatio Beef Jerky,Snack Foods,Dried Meat,Food
Horatio Chocolate Donuts,Snack Foods,Donuts,Food
Horatio Low Fat Chips,Snack Foods,Chips,Food
Horatio Sesame Crackers,Snack Foods,Crackers,Food
Horatio Frosted Cookies,Snack Foods,Cookies,Food
Horatio Dried Apples,Snack Foods,Dried Fruit,Food
Horatio Apple Fruit Roll,Snack Foods,Dried Fruit,Food
Horatio Strawberry Fruit Roll,Snack Foods,Dried Fruit,Food
Horatio Raspberry Fruit Roll,Snack Foods,Dried Fruit,Food
Horatio Grape Fruit Roll,Snack Foods,Dried Fruit,Food
Horatio Dried Dates,Snack Foods,Dried Fruit,Food
Horatio Raisins,Snack Foods,Dried Fruit,Food
Horatio Golden Raisins,Snack Foods,Dried Fruit,Food
Horatio Dried Apricots,Snack Foods,Dried Fruit,Food
Horatio Frosted Donuts,Snack Foods,Donuts,Food
Musial Tasty Candy Bar,Candy,Chocolate Candy,Food
Musial Mint Chocolate Bar,Candy,Chocolate Candy,Food
Musial Malted Milk Balls,Candy,Chocolate Candy,Food
Musial Semi-Sweet Chocolate Bar,Candy,Chocolate Candy,Food
Musial Bubble Gum,Candy,Gum,Food
Musial Spicy Mints,Candy,Hard Candy,Food
Musial Mints,Candy,Hard Candy,Food
Musial White Chocolate Bar,Candy,Chocolate Candy,Food
Colossal Ravioli,Starchy Foods,Pasta,Food
Colossal Manicotti,Starchy Foods,Pasta,Food
Colossal Spaghetti,Starchy Foods,Pasta,Food
Colossal Thai Rice,Starchy Foods,Rice,Food
Colossal Rice Medly,Starchy Foods,Rice,Food
Portsmouth Imported Beer,Beer and Wine,Beer,Drink
Portsmouth Light Wine,Beer and Wine,Wine,Drink
Portsmouth Chardonnay Wine,Beer and Wine,Wine,Drink
Portsmouth Chablis Wine,Beer and Wine,Wine,Drink
Portsmouth Merlot Wine,Beer and Wine,Wine,Drink
Portsmouth Chardonnay,Beer and Wine,Wine,Drink
Portsmouth White Zinfandel Wine,Beer and Wine,Wine,Drink
Portsmouth Light Beer,Beer and Wine,Beer,Drink
Sphinx Pumpernickel Bread,Bread,Sliced Bread,Food
Sphinx White Bread,Bread,Sliced Bread,Food
Sphinx Rye Bread,Bread,Sliced Bread,Food
Sphinx English Muffins,Bread,Muffins,Food
Sphinx Cranberry Muffins,Bread,Muffins,Food
Sphinx Muffins,Bread,Muffins,Food
Sphinx Bagels,Bread,Bagels,Food
Sphinx Blueberry Muffins,Bread,Muffins,Food
Sphinx Wheat Bread,Bread,Sliced Bread,Food
Plato Sesame Oil,Baking Goods,Cooking Oil,Food
Plato Chunky Peanut Butter,Jams and Jellies,Peanut Butter,Food
Plato Hot Chocolate,Hot Beverages,Chocolate,Drink
Plato Brown Sugar,Baking Goods,Sugar,Food
Plato White Sugar,Baking Goods,Sugar,Food
Plato French Roast Coffee,Hot Beverages,Coffee,Drink
Plato Decaf Coffee,Hot Beverages,Coffee,Drink
Plato Regular Coffee,Hot Beverages,Coffee,Drink
Plato Vegetable Oil,Baking Goods,Cooking Oil,Food
Plato Corn Oil,Baking Goods,Cooking Oil,Food
Plato Tomato Sauce,Baking Goods,Sauces,Food
Plato Canola Oil,Baking Goods,Cooking Oil,Food
Plato Grape Preserves,Jams and Jellies,Preserves,Food
Plato Columbian Coffee,Hot Beverages,Coffee,Drink
Plato Strawberry Jelly,Jams and Jellies,Jelly,Food
Plato Pepper,Baking Goods,Spices,Food
Plato Low Fat Apple Butter,Jams and Jellies,Preserves,Food
Plato Salt,Baking Goods,Spices,Food
Plato Apple Butter,Jams and Jellies,Preserves,Food
Plato Oregano,Baking Goods,Spices,Food
Plato Apple Jelly,Jams and Jellies,Jelly,Food
Plato Grape Jam,Jams and Jellies,Jam,Food
Plato Apple Jam,Jams and Jellies,Jam,Food
Plato Strawberry Jam,Jams and Jellies,Jam,Food
Plato Creamy Peanut Butter,Jams and Jellies,Peanut Butter,Food
Plato Strawberry Preserves,Jams and Jellies,Preserves,Food
Plato Extra Chunky Peanut Butter,Jams and Jellies,Peanut Butter,Food
Plato Apple Preserves,Jams and Jellies,Preserves,Food
Plato Grape Jelly,Jams and Jellies,Jelly,Food
Skinner Berry Juice,Pure Juice Beverages,Juice,Drink
Skinner Mango Drink,Drinks,Flavored Drinks,Drink
Skinner Strawberry Drink,Drinks,Flavored Drinks,Drink
Skinner Cream Soda,Carbonated Beverages,Soda,Drink
Skinner Diet Soda,Carbonated Beverages,Soda,Drink
Skinner Cola,Carbonated Beverages,Soda,Drink
Skinner Diet Cola,Carbonated Beverages,Soda,Drink
Skinner Orange Juice,Pure Juice Beverages,Juice,Drink
Skinner Cranberry Juice,Pure Juice Beverages,Juice,Drink
Skinner Apple Juice,Pure Juice Beverages,Juice,Drink
Skinner Apple Drink,Drinks,Flavored Drinks,Drink
Johnson Oatmeal,Breakfast Foods,Cereal,Food
Johnson Corn Puffs,Breakfast Foods,Cereal,Food
Johnson Wheat Puffs,Breakfast Foods,Cereal,Food
Johnson Grits,Breakfast Foods,Cereal,Food
Pleasant Canned Beets,Vegetables,Canned Vegetables,Food
Pleasant Creamed Corn,Vegetables,Canned Vegetables,Food
Pleasant Canned String Beans,Vegetables,Canned Vegetables,Food
Pleasant Chicken Soup,Canned Soup,Soup,Food
Pleasant Canned Yams,Vegetables,Canned Vegetables,Food
Pleasant Vegetable Soup,Canned Soup,Soup,Food
Pleasant Canned Tomatos,Vegetables,Canned Vegetables,Food
Pleasant Noodle Soup,Canned Soup,Soup,Food
Pleasant Regular Ramen Soup,Canned Soup,Soup,Food
Pleasant Chicken Noodle Soup,Canned Soup,Soup,Food
Pleasant Turkey Noodle Soup,Canned Soup,Soup,Food
Pleasant Beef Soup,Canned Soup,Soup,Food
Pleasant Canned Peas,Vegetables,Canned Vegetables,Food
Pleasant Chicken Ramen Soup,Canned Soup,Soup,Food
Pleasant Canned Tuna in Water,Canned Tuna,Tuna,Food
Pleasant Canned Tuna in Oil,Canned Tuna,Tuna,Food
Pleasant Large Canned Shrimp,Canned Shrimp,Shrimp,Food
Pleasant Fancy Canned Anchovies,Canned Anchovies,Anchovies,Food
Pleasant Fancy Canned Clams,Canned Clams,Clams,Food
Pleasant Fancy Canned Oysters,Canned Oysters,Oysters,Food
Pleasant Fancy Canned Sardines,Canned Sardines,Sardines,Food
Pleasant Rice Soup,Canned Soup,Soup,Food
Toucan Canned Mixed Fruit,Fruit,Canned Fruit,Food
Toucan Canned Peaches,Fruit,Canned Fruit,Food
Toretti Rosy Sunglasses,Specialty,Sunglasses,Non-Consumable
Framton Eyeglass Screwdriver,Hardware,Screwdrivers,Non-Consumable
Framton City Map,Miscellaneous,Maps,Non-Consumable
Booker Low Fat Cottage Cheese,Dairy,Cottage Cheese,Food
Booker Low Fat Sour Cream,Dairy,Sour Cream,Food
Booker Sour Cream,Dairy,Sour Cream,Food
Booker Jack Cheese,Dairy,Cheese,Food
Booker Muenster Cheese,Dairy,Cheese,Food
Booker String Cheese,Dairy,Cheese,Food
Booker Low Fat String Cheese,Dairy,Cheese,Food
Booker Havarti Cheese,Dairy,Cheese,Food
Booker Head Cheese,Dairy,Cheese,Food
Booker Cheese Spread,Dairy,Cheese,Food
Booker Sharp Cheddar Cheese,Dairy,Cheese,Food
Booker Mild Cheddar Cheese,Dairy,Cheese,Food
Booker Large Curd Cottage Cheese,Dairy,Cottage Cheese,Food
Booker 2% Milk,Dairy,Milk,Drink
Booker Buttermilk,Dairy,Milk,Drink
Booker Chocolate Milk,Dairy,Milk,Drink
Booker 1% Milk,Dairy,Milk,Drink
Booker Whole Milk,Dairy,Milk,Drink
Booker Strawberry Yogurt,Dairy,Yogurt,Food
Booker Blueberry Yogurt,Dairy,Yogurt,Food
Lake Chicken Hot Dogs,Meat,Hot Dogs,Food
Lake Pimento Loaf,Meat,Bologna,Food
Lake Beef Bologna,Meat,Bologna,Food
Lake Low Fat Bologna,Meat,Bologna,Food
Lake Turkey Hot Dogs,Meat,Hot Dogs,Food
Lake Foot-Long Hot Dogs,Meat,Hot Dogs,Food
Lake Low Fat Cole Slaw,Side Dishes,Deli Salads,Food
Lake Cole Slaw,Side Dishes,Deli Salads,Food
Lake Roasted Chicken,Meat,Fresh Chicken,Food
Lake Corned Beef,Meat,Deli Meats,Food
Lake Sliced Turkey,Meat,Deli Meats,Food
Lake Sliced Ham,Meat,Deli Meats,Food
Lake Potato Salad,Side Dishes,Deli Salads,Food
Lake Sliced Chicken,Meat,Deli Meats,Food
Giant Small Brown Eggs,Eggs,Eggs,Food
Giant Large Brown Eggs,Eggs,Eggs,Food
Giant Small Eggs,Eggs,Eggs,Food
Giant Large Eggs,Eggs,Eggs,Food
Giant Egg Substitute,Eggs,Eggs,Food
Carrington Low Fat Waffles,Breakfast Foods,Waffles,Food
Carrington Orange Popsicles,Frozen Desserts,Popsicles,Food
Carrington Frozen Chicken Breast,Meat,Frozen Chicken,Food
Carrington Frozen Pancakes,Breakfast Foods,Pancakes,Food
Carrington Low Fat French Fries,Vegetables,French Fries,Food
Carrington Frozen Sausage Pizza,Pizza,Pizza,Food
Carrington Blueberry Waffles,Breakfast Foods,Waffles,Food
Carrington Fajita French Fries,Vegetables,French Fries,Food
Carrington Waffles,Breakfast Foods,Waffles,Food
Carrington Frozen Pepperoni Pizza,Pizza,Pizza,Food
Carrington Frozen Cheese Pizza,Pizza,Pizza,Food
Carrington Frozen Mushroom Pizza,Pizza,Pizza,Food
Carrington Apple Cinnamon Waffles,Breakfast Foods,Waffles,Food
Carrington Frozen Carrots,Vegetables,Frozen Vegetables,Food
Carrington Turkey TV Dinner,Frozen Entrees,TV Dinner,Food
Carrington Chicken TV Dinner,Frozen Entrees,TV Dinner,Food
Carrington Beef TV Dinner,Frozen Entrees,TV Dinner,Food
Carrington Pancake Mix,Breakfast Foods,Pancake Mix,Food
Carrington Grape Popsicles,Frozen Desserts,Popsicles,Food
Carrington Home Style French Fries,Vegetables,French Fries,Food
Carrington Lime Popsicles,Frozen Desserts,Popsicles,Food
Carrington Ice Cream,Frozen Desserts,Ice Cream,Food
Carrington Ice Cream Sandwich,Frozen Desserts,Ice Cream,Food
Carrington Frozen Cauliflower,Vegetables,Frozen Vegetables,Food
Carrington Frozen Broccoli,Vegetables,Frozen Vegetables,Food
Carrington Frozen Corn,Vegetables,Frozen Vegetables,Food
Carrington Frozen Peas,Vegetables,Frozen Vegetables,Food
Carrington Popsicles,Frozen Desserts,Ice Cream,Food
Carrington Frozen Chicken Thighs,Meat,Frozen Chicken,Food
Carrington Frozen Chicken Wings,Meat,Frozen Chicken,Food
Carrington Lemon Popsicles,Frozen Desserts,Popsicles,Food
Hilltop Silky Smooth Hair Conditioner,Bathroom Products,Conditioner,Non-Consumable
Hilltop Tartar Control Toothpaste,Hygiene,Personal Hygiene,Non-Consumable
Hilltop Whitening Toothpast,Hygiene,Personal Hygiene,Non-Consumable
Hilltop Toothpaste,Hygiene,Personal Hygiene,Non-Consumable
Hilltop Deodorant,Hygiene,Personal Hygiene,Non-Consumable
Hilltop Conditioning Shampoo,Bathroom Products,Shampoo,Non-Consumable
Hilltop Extra Moisture Shampoo,Bathroom Products,Shampoo,Non-Consumable
Hilltop Angled Toothbrush,Bathroom Products,Toothbrushes,Non-Consumable
Hilltop Apricot Shampoo,Bathroom Products,Shampoo,Non-Consumable
Hilltop Childrens Aspirin,Pain Relievers,Aspirin,Non-Consumable
Hilltop Buffered Aspirin,Pain Relievers,Aspirin,Non-Consumable
Hilltop 200 MG Ibuprofen,Pain Relievers,Ibuprofen,Non-Consumable
Hilltop 200 MG Acetominifen,Pain Relievers,Acetominifen,Non-Consumable
Hilltop HCL Nasal Spray,Decongestants,Nasal Sprays,Non-Consumable
Hilltop Dishwasher Detergent,Decongestants,Nasal Sprays,Non-Consumable
Hilltop Multi-Symptom Cold Remedy,Cold Remedies,Cold Remedies,Non-Consumable
Hilltop Childrens Cold Remedy,Cold Remedies,Cold Remedies,Non-Consumable
Hilltop Laundry Detergent,Bathroom Products,Mouthwash,Non-Consumable
Hilltop Mint Mouthwash,Bathroom Products,Mouthwash,Non-Consumable
Sunset 60 Watt Lightbulb,Electrical,Lightbulbs,Non-Consumable
Sunset Plastic Forks,Plastic Products,Plastic Utensils,Non-Consumable
Sunset Plastic Spoons,Plastic Products,Plastic Utensils,Non-Consumable
Sunset Plastic Knives,Plastic Products,Plastic Utensils,Non-Consumable
Sunset C-Size Batteries,Electrical,Batteries,Non-Consumable
Sunset 100 Watt Lightbulb,Electrical,Lightbulbs,Non-Consumable
Sunset AAA-Size Batteries,Electrical,Batteries,Non-Consumable
Sunset Paper Plates,Paper Products,Paper Dishes,Non-Consumable
Sunset Paper Cups,Paper Products,Paper Dishes,Non-Consumable
Sunset 75 Watt Lightbulb,Electrical,Lightbulbs,Non-Consumable
Sunset Toilet Bowl Cleaner,Cleaning Supplies,Cleaners,Non-Consumable
Sunset Counter Cleaner,Cleaning Supplies,Cleaners,Non-Consumable
Sunset Glass Cleaner,Cleaning Supplies,Cleaners,Non-Consumable
Sunset 25 Watt Lightbulb,Electrical,Lightbulbs,Non-Consumable
Sunset AA-Size Batteries,Electrical,Batteries,Non-Consumable
Sunset D-Size Batteries,Electrical,Batteries,Non-Consumable
Sunset Paper Towels,Paper Products,Paper Wipes,Non-Consumable
Sunset Soft Napkins,Paper Products,Paper Wipes,Non-Consumable
Sunset Scented Tissue,Paper Products,Paper Wipes,Non-Consumable
Sunset Toilet Paper,Paper Products,Paper Wipes,Non-Consumable
Sunset Tissues,Paper Products,Paper Wipes,Non-Consumable
Fort West Salsa Dip,Snack Foods,Dips,Food
Sunset Scented Toilet Tissue,Paper Products,Paper Wipes,Non-Consumable
Sunset Room Freshener,Cleaning Supplies,Deodorizers,Non-Consumable
Sunset Frying Pan,Kitchen Products,Pots and Pans,Non-Consumable
Sunset Copper Cleaner,Kitchen Products,Pot Cleaners,Non-Consumable
Sunset Bees Wax Candles,Candles,Candles,Non-Consumable
Sunset Silver Cleaner,Kitchen Products,Pot Cleaners,Non-Consumable
Sunset Copper Pot Scrubber,Kitchen Products,Pot Scrubbers,Non-Consumable
Sunset Economy Toilet Brush,Bathroom Products,Toilet Brushes,Non-Consumable
Sunset Scissors,Hardware,Tools,Non-Consumable
Sunset Large Sponge,Kitchen Products,Sponges,Non-Consumable
Sunset Screw Driver,Hardware,Tools,Non-Consumable
Gerolli Extra Lean Hamburger,Meat,Hamburger,Food
Gerolli Seasoned Hamburger,Meat,Hamburger,Food
Gauss Monthly Sports Magazine,Magazines,Sports Magazines,Non-Consumable
Gauss Monthly Auto Magazine,Magazines,Auto Magazines,Non-Consumable
Gauss Monthly Computer Magazine,Magazines,Computer Magazines,Non-Consumable
Gauss Monthly Home Magazine,Magazines,Home Magazines,Non-Consumable
Gauss Monthly Fashion Magazine,Magazines,Fashion Magazines,Non-Consumable
Hermanos Summer Squash,Vegetables,Fresh Vegetables,Food
Hermanos Corn on the Cob,Vegetables,Fresh Vegetables,Food
Hermanos Asparagus,Vegetables,Fresh Vegetables,Food
Hermanos Sweet Peas,Vegetables,Fresh Vegetables,Food
Hermanos New Potatos,Vegetables,Fresh Vegetables,Food
Hermanos Beets,Vegetables,Fresh Vegetables,Food
Hermanos Prepared Salad,Vegetables,Fresh Vegetables,Food
Hermanos Onions,Vegetables,Fresh Vegetables,Food
Hermanos Green Pepper,Vegetables,Fresh Vegetables,Food
Hermanos Shitake Mushrooms,Vegetables,Fresh Vegetables,Food
Hermanos Lettuce,Vegetables,Fresh Vegetables,Food
Hermanos Elephant Garlic,Vegetables,Fresh Vegetables,Food
Hermanos Red Pepper,Vegetables,Fresh Vegetables,Food
Hermanos Garlic,Vegetables,Fresh Vegetables,Food
Hermanos Potatos,Vegetables,Fresh Vegetables,Food
Hermanos Cauliflower,Vegetables,Fresh Vegetables,Food
Hermanos Tomatos,Vegetables,Fresh Vegetables,Food
Hermanos Mushrooms,Vegetables,Fresh Vegetables,Food
Hermanos Baby Onion,Vegetables,Fresh Vegetables,Food
Hermanos Dried Mushrooms,Vegetables,Fresh Vegetables,Food
Hermanos Fresh Lima Beans,Vegetables,Fresh Vegetables,Food
Hermanos Squash,Vegetables,Fresh Vegetables,Food
Hermanos Limes,Fruit,Fresh Fruit,Food
Hermanos Firm Tofu,Packaged Vegetables,Tofu,Food
Hermanos Almonds,Specialty,Nuts,Food
Hermanos Macintosh Apples,Fruit,Fresh Fruit,Food
Hermanos Golden Delcious Apples,Fruit,Fresh Fruit,Food
Hermanos Red Delcious Apples,Fruit,Fresh Fruit,Food
Hermanos Lemons,Fruit,Fresh Fruit,Food
Hermanos Fancy Plums,Fruit,Fresh Fruit,Food
Hermanos Plums,Fruit,Fresh Fruit,Food
Hermanos Peaches,Fruit,Fresh Fruit,Food
Hermanos Broccoli,Vegetables,Fresh Vegetables,Food
Hermanos Mandarin Oranges,Fruit,Fresh Fruit,Food
Hermanos Mixed Nuts,Specialty,Nuts,Food
Hermanos Canned Peanuts,Specialty,Nuts,Food
Hermanos Sweet Onion,Vegetables,Fresh Vegetables,Food
Hermanos Cantelope,Fruit,Fresh Fruit,Food
Hermanos Honey Dew,Fruit,Fresh Fruit,Food
Hermanos Fuji Apples,Fruit,Fresh Fruit,Food
Hermanos Walnuts,Specialty,Nuts,Food
Hermanos Oranges,Fruit,Fresh Fruit,Food
Hermanos Tangerines,Fruit,Fresh Fruit,Food
Hermanos Party Nuts,Specialty,Nuts,Food
Amigo Lox,Seafood,Fresh Fish,Food
Amigo Scallops,Seafood,Shellfish,Food
Fort West Low Fat Cookies,Snack Foods,Cookies,Food
Fort West BBQ Potato Chips,Snack Foods,Chips,Food
Fort West Corn Chips,Snack Foods,Chips,Food
Fort West Low Fat BBQ Chips,Snack Foods,Chips,Food
Fort West Sugar Cookies,Snack Foods,Cookies,Food
Fort West Chocolate Chip Cookies,Snack Foods,Cookies,Food
Fort West Fudge Cookies,Snack Foods,Cookies,Food
Fort West Fudge Brownies,Snack Foods,Cookies,Food
Fort West Potato Chips,Snack Foods,Chips,Food
Fort West Lemon Cookies,Snack Foods,Cookies,Food
Fort West Graham Crackers,Snack Foods,Cookies,Food
Fort West Cheese Crackers,Snack Foods,Crackers,Food
Fort West Buttered Popcorn,Snack Foods,Popcorn,Food
Fort West No Salt Popcorn,Snack Foods,Popcorn,Food
Fort West Low Fat Popcorn,Snack Foods,Popcorn,Food
Fort West Avocado Dip,Snack Foods,Dips,Food
Fort West Salted Pretzels,Snack Foods,Pretzels,Food
Fort West Cheese Dip,Snack Foods,Dips,Food
Fort West Fondue Mix,Snack Foods,Dips,Food
Fort West Mini Donuts,Snack Foods,Donuts,Food
Fort West Beef Jerky,Snack Foods,Dried Meat,Food
Fort West Chocolate Donuts,Snack Foods,Donuts,Food
Fort West Low Fat Chips,Snack Foods,Chips,Food
Fort West Sesame Crackers,Snack Foods,Crackers,Food
Fort West Frosted Cookies,Snack Foods,Cookies,Food
Fort West Dried Apples,Snack Foods,Dried Fruit,Food
Fort West Apple Fruit Roll,Snack Foods,Dried Fruit,Food
Fort West Strawberry Fruit Roll,Snack Foods,Dried Fruit,Food
Fort West Raspberry Fruit Roll,Snack Foods,Dried Fruit,Food
Fort West Grape Fruit Roll,Snack Foods,Dried Fruit,Food
Fort West Dried Dates,Snack Foods,Dried Fruit,Food
Fort West Raisins,Snack Foods,Dried Fruit,Food
Fort West Golden Raisins,Snack Foods,Dried Fruit,Food
Fort West Dried Apricots,Snack Foods,Dried Fruit,Food
Fort West Frosted Donuts,Snack Foods,Donuts,Food
Gulf Coast Tasty Candy Bar,Candy,Chocolate Candy,Food
Gulf Coast Mint Chocolate Bar,Candy,Chocolate Candy,Food
Gulf Coast Malted Milk Balls,Candy,Chocolate Candy,Food
Gulf Coast Semi-Sweet Chocolate Bar,Candy,Chocolate Candy,Food
Gulf Coast Bubble Gum,Candy,Gum,Food
Gulf Coast Spicy Mints,Candy,Hard Candy,Food
Gulf Coast Mints,Candy,Hard Candy,Food
Gulf Coast White Chocolate Bar,Candy,Chocolate Candy,Food
Jardon Ravioli,Starchy Foods,Pasta,Food
Jardon Manicotti,Starchy Foods,Pasta,Food
Jardon Spaghetti,Starchy Foods,Pasta,Food
Jardon Thai Rice,Starchy Foods,Rice,Food
Jardon Rice Medly,Starchy Foods,Rice,Food
Top Measure Imported Beer,Beer and Wine,Beer,Drink
Top Measure Light Wine,Beer and Wine,Wine,Drink
Top Measure Chardonnay Wine,Beer and Wine,Wine,Drink
Top Measure Chablis Wine,Beer and Wine,Wine,Drink
Top Measure Merlot Wine,Beer and Wine,Wine,Drink
Top Measure Chardonnay,Beer and Wine,Wine,Drink
Top Measure White Zinfandel Wine,Beer and Wine,Wine,Drink
Top Measure Light Beer,Beer and Wine,Beer,Drink
Modell Pumpernickel Bread,Bread,Sliced Bread,Food
Modell White Bread,Bread,Sliced Bread,Food
Modell Rye Bread,Bread,Sliced Bread,Food
Modell English Muffins,Bread,Muffins,Food
Modell Cranberry Muffins,Bread,Muffins,Food
Modell Muffins,Bread,Muffins,Food
Modell Bagels,Bread,Bagels,Food
Modell Blueberry Muffins,Bread,Muffins,Food
Modell Wheat Bread,Bread,Sliced Bread,Food
CDR Sesame Oil,Baking Goods,Cooking Oil,Food
CDR Chunky Peanut Butter,Jams and Jellies,Peanut Butter,Food
CDR Hot Chocolate,Hot Beverages,Chocolate,Drink
CDR Brown Sugar,Baking Goods,Sugar,Food
CDR White Sugar,Baking Goods,Sugar,Food
CDR French Roast Coffee,Hot Beverages,Coffee,Drink
CDR Decaf Coffee,Hot Beverages,Coffee,Drink
CDR Regular Coffee,Hot Beverages,Coffee,Drink
CDR Vegetable Oil,Baking Goods,Cooking Oil,Food
CDR Corn Oil,Baking Goods,Cooking Oil,Food
CDR Tomato Sauce,Baking Goods,Sauces,Food
CDR Canola Oil,Baking Goods,Cooking Oil,Food
CDR Grape Preserves,Jams and Jellies,Preserves,Food
CDR Columbian Coffee,Hot Beverages,Coffee,Drink
CDR Strawberry Jelly,Jams and Jellies,Jelly,Food
CDR Pepper,Baking Goods,Spices,Food
CDR Low Fat Apple Butter,Jams and Jellies,Preserves,Food
CDR Salt,Baking Goods,Spices,Food
CDR Apple Butter,Jams and Jellies,Preserves,Food
CDR Oregano,Baking Goods,Spices,Food
CDR Apple Jelly,Jams and Jellies,Jelly,Food
CDR Grape Jam,Jams and Jellies,Jam,Food
CDR Apple Jam,Jams and Jellies,Jam,Food
CDR Strawberry Jam,Jams and Jellies,Jam,Food
CDR Creamy Peanut Butter,Jams and Jellies,Peanut Butter,Food
CDR Strawberry Preserves,Jams and Jellies,Preserves,Food
CDR Extra Chunky Peanut Butter,Jams and Jellies,Peanut Butter,Food
CDR Apple Preserves,Jams and Jellies,Preserves,Food
CDR Grape Jelly,Jams and Jellies,Jelly,Food
